date,0.25,0.5,0.75,1,2,3,5,7,10,15,20,30
02-11-2020,4.35,4.36,4.38,4.42,4.69,5.02,5.64,6.10,6.52,6.85,7.01,7.18
03-11-2020,4.38,4.38,4.40,4.43,4.69,5.01,5.61,6.06,6.50,6.86,7.03,7.20
05-11-2020,4.37,4.36,4.37,4.39,4.58,4.84,5.37,5.79,6.21,6.55,6.72,6.90
06-11-2020,4.26,4.26,4.29,4.32,4.54,4.81,5.33,5.75,6.16,6.51,6.68,6.85
09-11-2020,4.30,4.29,4.30,4.33,4.53,4.78,5.28,5.68,6.10,6.44,6.61,6.79
10-11-2020,4.23,4.24,4.26,4.30,4.53,4.80,5.32,5.73,6.16,6.51,6.69,6.87
11-11-2020,4.19,4.22,4.26,4.31,4.54,4.79,5.29,5.70,6.13,6.52,6.72,6.93
12-11-2020,4.21,4.24,4.27,4.32,4.54,4.80,5.28,5.69,6.12,6.52,6.72,6.93
13-11-2020,4.24,4.26,4.30,4.34,4.54,4.78,5.26,5.67,6.12,6.51,6.71,6.92
16-11-2020,4.13,4.20,4.26,4.32,4.54,4.77,5.25,5.66,6.10,6.50,6.71,6.92
17-11-2020,4.23,4.27,4.31,4.35,4.55,4.79,5.26,5.66,6.10,6.51,6.72,6.94
18-11-2020,4.30,4.32,4.35,4.38,4.56,4.79,5.26,5.66,6.11,6.53,6.74,6.96
19-11-2020,4.29,4.30,4.33,4.36,4.54,4.80,5.29,5.68,6.11,6.52,6.74,6.96
20-11-2020,4.22,4.25,4.29,4.33,4.53,4.78,5.28,5.68,6.12,6.53,6.74,6.95
23-11-2020,4.27,4.28,4.31,4.34,4.53,4.78,5.26,5.67,6.10,6.51,6.72,6.94
24-11-2020,4.23,4.27,4.30,4.35,4.54,4.78,5.27,5.67,6.11,6.50,6.71,6.92
25-11-2020,4.28,4.30,4.32,4.35,4.54,4.79,5.29,5.69,6.13,6.53,6.74,6.95
26-11-2020,4.33,4.32,4.33,4.36,4.54,4.81,5.31,5.72,6.14,6.53,6.73,6.93
27-11-2020,4.30,4.29,4.31,4.33,4.53,4.81,5.32,5.72,6.14,6.54,6.74,6.94
30-11-2020,4.32,4.32,4.33,4.36,4.56,4.83,5.34,5.73,6.15,6.54,6.75,6.96
01-12-2020,4.28,4.29,4.31,4.34,4.56,4.84,5.35,5.74,6.16,6.54,6.74,6.94
02-12-2020,4.29,4.30,4.32,4.35,4.57,4.84,5.34,5.73,6.15,6.53,6.73,6.92
03-12-2020,4.25,4.26,4.28,4.32,4.55,4.84,5.35,5.73,6.14,6.51,6.70,6.89
04-12-2020,4.22,4.24,4.26,4.30,4.54,4.82,5.32,5.71,6.11,6.48,6.67,6.85
07-12-2020,4.22,4.23,4.26,4.30,4.54,4.82,5.32,5.70,6.11,6.48,6.68,6.86
08-12-2020,4.25,4.27,4.30,4.34,4.56,4.82,5.29,5.68,6.10,6.52,6.73,6.93
09-12-2020,4.25,4.28,4.31,4.35,4.57,4.82,5.31,5.70,6.13,6.54,6.76,6.98
10-12-2020,4.23,4.26,4.29,4.34,4.57,4.85,5.34,5.74,6.16,6.57,6.78,6.98
11-12-2020,4.24,4.27,4.31,4.36,4.60,4.86,5.33,5.71,6.14,6.56,6.78,6.98
14-12-2020,4.23,4.26,4.30,4.35,4.59,4.85,5.34,5.74,6.17,6.58,6.80,7.01
15-12-2020,4.30,4.33,4.37,4.41,4.63,4.88,5.35,5.74,6.17,6.59,6.81,7.04
16-12-2020,4.30,4.33,4.38,4.42,4.63,4.88,5.36,5.74,6.16,6.58,6.81,7.04
17-12-2020,4.30,4.33,4.37,4.41,4.62,4.87,5.33,5.71,6.14,6.57,6.81,7.04
18-12-2020,4.25,4.31,4.37,4.43,4.65,4.91,5.39,5.77,6.18,6.60,6.84,7.06
21-12-2020,4.31,4.35,4.39,4.44,4.69,4.96,5.45,5.84,6.26,6.68,6.90,7.10
22-12-2020,4.26,4.32,4.37,4.43,4.69,4.98,5.47,5.84,6.25,6.65,6.87,7.08
23-12-2020,4.23,4.30,4.36,4.43,4.72,5.02,5.51,5.88,6.28,6.68,6.90,7.12
24-12-2020,4.20,4.26,4.32,4.39,4.70,5.03,5.54,5.89,6.27,6.65,6.85,7.06
25-12-2020,4.16,4.23,4.30,4.37,4.68,5.00,5.51,5.88,6.26,6.61,6.79,6.96
28-12-2020,4.11,4.18,4.25,4.33,4.65,4.97,5.49,5.86,6.26,6.63,6.82,7.00
29-12-2020,3.90,4.00,4.11,4.21,4.60,4.94,5.46,5.84,6.24,6.65,6.87,7.07
30-12-2020,3.68,3.87,4.05,4.18,4.57,4.91,5.47,5.87,6.27,6.62,6.80,6.96
04-01-2021,4.03,4.09,4.14,4.20,4.50,4.87,5.44,5.84,6.25,6.65,6.87,7.08
05-01-2021,3.98,4.04,4.11,4.18,4.48,4.82,5.38,5.80,6.22,6.62,6.84,7.06
06-01-2021,3.85,3.95,4.04,4.11,4.42,4.79,5.40,5.83,6.24,6.62,6.82,7.03
08-01-2021,3.78,3.88,3.99,4.08,4.46,4.84,5.45,5.85,6.24,6.59,6.76,6.92
11-01-2021,4.17,4.19,4.22,4.26,4.56,4.92,5.52,5.93,6.34,6.70,6.89,7.07
12-01-2021,4.21,4.23,4.26,4.31,4.59,4.94,5.53,5.93,6.33,6.68,6.87,7.05
13-01-2021,4.16,4.18,4.23,4.29,4.63,4.99,5.58,5.99,6.38,6.73,6.91,7.07
14-01-2021,4.20,4.23,4.29,4.35,4.67,5.01,5.58,5.98,6.39,6.76,6.95,7.13
15-01-2021,4.17,4.22,4.28,4.36,4.73,5.09,5.67,6.07,6.47,6.85,7.04,7.22
18-01-2021,4.17,4.22,4.28,4.36,4.71,5.09,5.69,6.10,6.50,6.86,7.05,7.22
19-01-2021,4.15,4.21,4.27,4.35,4.70,5.06,5.64,6.06,6.47,6.84,7.04,7.23
20-01-2021,4.09,4.15,4.23,4.31,4.70,5.08,5.67,6.07,6.46,6.82,7.01,7.17
21-01-2021,4.13,4.16,4.21,4.29,4.68,5.08,5.71,6.11,6.50,6.84,7.02,7.18
22-01-2021,4.12,4.16,4.22,4.30,4.72,5.16,5.81,6.23,6.63,6.98,7.15,7.29
25-01-2021,4.12,4.17,4.24,4.33,4.75,5.18,5.82,6.22,6.60,6.94,7.12,7.27
26-01-2021,4.13,4.17,4.24,4.32,4.71,5.12,5.76,6.18,6.57,6.92,7.09,7.24
27-01-2021,4.19,4.22,4.28,4.35,4.75,5.16,5.81,6.23,6.62,6.95,7.11,7.26
28-01-2021,4.26,4.28,4.32,4.39,4.76,5.16,5.79,6.22,6.61,6.97,7.14,7.30
29-01-2021,4.22,4.24,4.28,4.35,4.74,5.15,5.78,6.20,6.59,6.93,7.11,7.26
01-02-2021,4.25,4.26,4.30,4.36,4.73,5.14,5.77,6.18,6.58,6.92,7.09,7.24
02-02-2021,4.24,4.26,4.31,4.38,4.75,5.14,5.78,6.22,6.63,7.00,7.19,7.35
03-02-2021,4.16,4.20,4.27,4.36,4.77,5.18,5.82,6.25,6.67,7.04,7.22,7.39
04-02-2021,4.19,4.23,4.30,4.38,4.77,5.16,5.78,6.21,6.65,7.04,7.23,7.41
05-02-2021,4.16,4.21,4.28,4.36,4.73,5.11,5.70,6.13,6.55,6.93,7.13,7.32
08-02-2021,4.21,4.24,4.29,4.36,4.73,5.11,5.71,6.13,6.55,6.91,7.09,7.26
09-02-2021,4.29,4.29,4.33,4.39,4.74,5.14,5.78,6.21,6.61,6.96,7.12,7.28
10-02-2021,4.30,4.31,4.36,4.42,4.80,5.20,5.81,6.22,6.63,7.00,7.17,7.33
11-02-2021,4.39,4.40,4.44,4.50,4.86,5.26,5.88,6.31,6.72,7.07,7.24,7.40
12-02-2021,4.45,4.48,4.53,4.61,4.99,5.38,5.99,6.40,6.79,7.13,7.30,7.45
15-02-2021,4.51,4.53,4.58,4.65,5.03,5.44,6.08,6.50,6.88,7.20,7.36,7.51
16-02-2021,4.50,4.55,4.62,4.69,5.08,5.50,6.16,6.58,6.96,7.29,7.45,7.61
17-02-2021,4.62,4.65,4.71,4.78,5.16,5.58,6.22,6.61,6.97,7.27,7.41,7.56
18-02-2021,4.57,4.60,4.65,4.72,5.09,5.50,6.13,6.53,6.89,7.19,7.33,7.46
19-02-2021,4.58,4.61,4.66,4.73,5.12,5.55,6.21,6.60,6.95,7.24,7.38,7.52
20-02-2021,4.56,4.58,4.62,4.69,5.07,5.51,6.18,6.59,6.94,7.23,7.38,7.51
22-02-2021,4.51,4.52,4.57,4.65,5.08,5.55,6.22,6.62,6.96,7.23,7.37,7.50
24-02-2021,4.60,4.63,4.68,4.75,5.13,5.55,6.20,6.60,6.95,7.23,7.37,7.51
25-02-2021,4.59,4.62,4.68,4.76,5.21,5.66,6.32,6.70,7.01,7.27,7.40,7.54
26-02-2021,4.58,4.60,4.66,4.74,5.21,5.72,6.40,6.76,7.06,7.30,7.42,7.54
01-03-2021,4.56,4.56,4.61,4.70,5.19,5.69,6.36,6.73,7.02,7.25,7.36,7.46
02-03-2021,4.64,4.62,4.66,4.74,5.23,5.73,6.35,6.68,6.94,7.17,7.29,7.41
03-03-2021,4.64,4.61,4.65,4.72,5.17,5.64,6.26,6.60,6.87,7.08,7.19,7.31
04-03-2021,4.64,4.61,4.64,4.72,5.18,5.65,6.25,6.55,6.80,7.00,7.10,7.20
05-03-2021,4.66,4.63,4.67,4.74,5.21,5.70,6.32,6.64,6.89,7.10,7.19,7.29
09-03-2021,4.63,4.61,4.65,4.73,5.23,5.72,6.34,6.66,6.91,7.11,7.21,7.30
10-03-2021,4.65,4.64,4.69,4.78,5.30,5.80,6.42,6.73,6.97,7.17,7.27,7.38
11-03-2021,4.76,4.73,4.78,4.87,5.40,5.88,6.46,6.74,6.98,7.17,7.27,7.36
12-03-2021,4.74,4.73,4.79,4.90,5.44,5.92,6.49,6.78,7.02,7.21,7.30,7.39
15-03-2021,4.87,4.86,4.91,5.01,5.52,5.98,6.54,6.82,7.04,7.22,7.31,7.40
16-03-2021,4.85,4.85,4.92,5.02,5.53,5.98,6.53,6.82,7.03,7.20,7.28,7.36
17-03-2021,4.83,4.86,4.94,5.05,5.58,6.03,6.60,6.89,7.11,7.27,7.36,7.44
18-03-2021,4.95,4.98,5.06,5.16,5.64,6.08,6.66,6.98,7.20,7.37,7.46,7.55
19-03-2021,4.96,4.99,5.06,5.16,5.66,6.13,6.75,7.06,7.25,7.39,7.47,7.57
22-03-2021,5.05,5.08,5.15,5.26,5.77,6.21,6.79,7.09,7.30,7.46,7.54,7.63
23-03-2021,5.11,5.16,5.26,5.38,5.93,6.40,6.97,7.23,7.39,7.51,7.58,7.67
24-03-2021,5.03,5.09,5.20,5.33,5.89,6.35,6.92,7.20,7.38,7.50,7.56,7.64
25-03-2021,4.94,5.00,5.10,5.23,5.80,6.27,6.84,7.11,7.28,7.40,7.47,7.56
26-03-2021,4.79,4.86,4.99,5.13,5.74,6.18,6.72,6.98,7.16,7.30,7.37,7.45
29-03-2021,4.74,4.82,4.94,5.09,5.70,6.17,6.72,6.99,7.16,7.29,7.35,7.43
30-03-2021,4.76,4.85,4.99,5.15,5.78,6.24,6.80,7.09,7.29,7.42,7.48,7.56
31-03-2021,4.77,4.86,4.99,5.14,5.73,6.18,6.74,7.03,7.23,7.38,7.45,7.53
01-04-2021,4.75,4.84,4.98,5.14,5.75,6.22,6.80,7.08,7.27,7.40,7.47,7.55
02-04-2021,4.80,4.88,5.01,5.15,5.75,6.21,6.79,7.08,7.27,7.39,7.46,7.55
05-04-2021,4.83,4.90,5.01,5.14,5.71,6.18,6.78,7.08,7.27,7.40,7.47,7.57
06-04-2021,4.78,4.87,5.00,5.15,5.79,6.32,6.94,7.22,7.38,7.48,7.55,7.64
07-04-2021,4.80,4.90,5.05,5.22,5.87,6.38,6.97,7.25,7.43,7.55,7.62,7.72
08-04-2021,4.79,4.91,5.07,5.25,5.91,6.41,7.00,7.28,7.44,7.54,7.60,7.68
09-04-2021,4.75,4.91,5.09,5.28,5.93,6.43,7.00,7.28,7.46,7.59,7.66,7.75
12-04-2021,4.82,4.97,5.14,5.31,5.93,6.40,6.96,7.23,7.42,7.55,7.61,7.69
13-04-2021,4.82,4.94,5.09,5.25,5.86,6.36,6.96,7.23,7.40,7.51,7.58,7.68
14-04-2021,4.80,4.91,5.05,5.20,5.78,6.22,6.77,7.04,7.23,7.36,7.42,7.50
15-04-2021,4.93,5.00,5.11,5.23,5.75,6.21,6.81,7.11,7.27,7.38,7.45,7.54
16-04-2021,4.85,4.92,5.02,5.14,5.66,6.11,6.70,7.00,7.19,7.31,7.38,7.47
19-04-2021,4.87,4.95,5.06,5.18,5.69,6.15,6.77,7.08,7.26,7.39,7.46,7.55
20-04-2021,4.93,4.99,5.09,5.21,5.72,6.19,6.81,7.12,7.27,7.36,7.43,7.53
21-04-2021,4.95,5.00,5.09,5.19,5.68,6.14,6.75,7.05,7.24,7.36,7.43,7.53
22-04-2021,5.08,5.11,5.18,5.27,5.71,6.12,6.68,6.98,7.16,7.29,7.36,7.46
23-04-2021,5.20,5.26,5.34,5.42,5.80,6.16,6.67,6.96,7.16,7.31,7.39,7.48
26-04-2021,5.20,5.27,5.36,5.46,5.84,6.17,6.65,6.93,7.13,7.27,7.34,7.43
27-04-2021,5.16,5.26,5.37,5.47,5.86,6.19,6.67,6.96,7.18,7.33,7.41,7.50
28-04-2021,5.12,5.22,5.32,5.43,5.85,6.21,6.69,6.98,7.21,7.37,7.44,7.52
29-04-2021,5.06,5.17,5.29,5.40,5.83,6.18,6.67,6.96,7.21,7.39,7.46,7.55
30-04-2021,5.01,5.15,5.28,5.41,5.83,6.18,6.67,6.97,7.21,7.39,7.48,7.56
04-05-2021,5.04,5.17,5.30,5.42,5.83,6.17,6.64,6.92,7.17,7.35,7.44,7.52
05-05-2021,5.02,5.17,5.31,5.44,5.86,6.18,6.64,6.92,7.17,7.36,7.44,7.53
06-05-2021,5.07,5.21,5.34,5.47,5.88,6.19,6.62,6.90,7.16,7.36,7.45,7.54
07-05-2021,5.09,5.23,5.35,5.47,5.88,6.19,6.61,6.89,7.15,7.35,7.44,7.54
10-05-2021,5.02,5.17,5.31,5.44,5.87,6.18,6.62,6.90,7.14,7.33,7.41,7.49
11-05-2021,5.15,5.28,5.40,5.51,5.90,6.21,6.66,6.95,7.21,7.40,7.48,7.58
12-05-2021,5.26,5.36,5.46,5.56,5.92,6.23,6.69,7.00,7.27,7.48,7.57,7.68
13-05-2021,5.23,5.35,5.46,5.57,5.95,6.27,6.74,7.04,7.30,7.48,7.57,7.67
14-05-2021,5.21,5.33,5.44,5.55,5.92,6.24,6.70,7.00,7.25,7.44,7.54,7.64
17-05-2021,5.24,5.36,5.47,5.58,5.95,6.26,6.72,7.01,7.25,7.44,7.53,7.63
18-05-2021,5.23,5.37,5.49,5.60,5.96,6.26,6.71,7.00,7.25,7.45,7.54,7.64
19-05-2021,5.22,5.36,5.48,5.59,5.96,6.28,6.75,7.03,7.27,7.46,7.55,7.65
20-05-2021,5.21,5.35,5.48,5.60,5.98,6.28,6.71,6.98,7.23,7.43,7.53,7.62
21-05-2021,5.23,5.36,5.48,5.59,5.98,6.28,6.70,6.98,7.24,7.45,7.54,7.63
24-05-2021,5.22,5.36,5.49,5.61,5.99,6.29,6.72,7.01,7.26,7.44,7.52,7.62
25-05-2021,5.27,5.39,5.51,5.61,5.98,6.28,6.73,7.02,7.28,7.47,7.56,7.66
26-05-2021,5.30,5.41,5.52,5.62,5.99,6.28,6.71,7.00,7.25,7.43,7.51,7.62
27-05-2021,5.45,5.56,5.67,5.76,6.08,6.34,6.74,7.00,7.23,7.41,7.50,7.60
28-05-2021,5.50,5.65,5.77,5.86,6.10,6.33,6.73,7.00,7.24,7.43,7.52,7.60
31-05-2021,5.52,5.66,5.77,5.86,6.13,6.37,6.76,7.02,7.25,7.43,7.51,7.60
01-06-2021,5.67,5.78,5.88,5.95,6.16,6.39,6.77,7.03,7.26,7.44,7.53,7.62
02-06-2021,5.64,5.76,5.87,5.95,6.18,6.42,6.80,7.05,7.26,7.43,7.52,7.60
03-06-2021,5.67,5.79,5.90,5.98,6.23,6.46,6.82,7.06,7.26,7.43,7.52,7.61
04-06-2021,5.75,5.85,5.94,6.02,6.29,6.53,6.87,7.09,7.29,7.44,7.52,7.60
07-06-2021,5.73,5.87,5.99,6.08,6.35,6.58,6.91,7.12,7.30,7.44,7.51,7.57
08-06-2021,5.73,5.88,6.01,6.10,6.38,6.63,6.98,7.20,7.37,7.50,7.56,7.62
09-06-2021,5.77,5.90,6.02,6.11,6.40,6.65,6.98,7.19,7.37,7.51,7.58,7.65
10-06-2021,5.76,5.91,6.04,6.14,6.44,6.65,6.95,7.13,7.29,7.41,7.46,7.51
11-06-2021,5.81,5.92,6.02,6.10,6.38,6.60,6.89,7.07,7.23,7.36,7.42,7.49
14-06-2021,5.82,5.95,6.05,6.13,6.39,6.60,6.88,7.05,7.24,7.38,7.45,7.52
15-06-2021,5.93,6.03,6.12,6.20,6.47,6.68,6.96,7.13,7.29,7.43,7.49,7.56
16-06-2021,5.83,5.97,6.10,6.22,6.57,6.78,7.01,7.13,7.26,7.37,7.42,7.46
17-06-2021,5.82,5.99,6.13,6.25,6.59,6.78,6.97,7.08,7.21,7.30,7.34,7.37
18-06-2021,5.77,5.94,6.09,6.22,6.55,6.74,6.92,7.03,7.16,7.24,7.26,7.28
21-06-2021,5.77,5.95,6.10,6.23,6.59,6.78,6.95,7.05,7.16,7.24,7.27,7.29
22-06-2021,5.75,5.91,6.06,6.19,6.57,6.77,6.96,7.07,7.21,7.29,7.32,7.34
23-06-2021,5.75,5.91,6.06,6.18,6.54,6.73,6.93,7.04,7.17,7.25,7.28,7.31
24-06-2021,5.73,5.90,6.05,6.19,6.55,6.75,6.93,7.03,7.14,7.22,7.25,7.27
25-06-2021,5.73,5.89,6.03,6.16,6.54,6.74,6.94,7.05,7.15,7.23,7.26,7.28
28-06-2021,5.78,5.96,6.11,6.25,6.65,6.84,7.01,7.08,7.17,7.25,7.28,7.31
29-06-2021,5.78,5.97,6.13,6.28,6.72,6.92,7.08,7.15,7.23,7.28,7.31,7.33
30-06-2021,5.77,5.96,6.12,6.28,6.72,6.92,7.06,7.12,7.20,7.26,7.28,7.30
01-07-2021,5.71,5.91,6.09,6.25,6.72,6.93,7.08,7.14,7.21,7.27,7.30,7.33
02-07-2021,5.78,6.03,6.23,6.40,6.81,6.97,7.07,7.11,7.18,7.25,7.28,7.30
05-07-2021,5.87,6.09,6.26,6.41,6.77,6.93,7.05,7.12,7.19,7.25,7.27,7.29
06-07-2021,5.83,6.03,6.21,6.35,6.74,6.93,7.08,7.13,7.20,7.25,7.27,7.29
07-07-2021,5.86,6.06,6.23,6.37,6.76,6.94,7.08,7.13,7.20,7.25,7.28,7.30
08-07-2021,5.91,6.12,6.29,6.44,6.83,7.00,7.12,7.16,7.22,7.27,7.30,7.31
09-07-2021,5.93,6.14,6.31,6.44,6.78,6.95,7.09,7.15,7.21,7.26,7.28,7.29
12-07-2021,6.09,6.30,6.46,6.58,6.84,6.97,7.10,7.16,7.22,7.27,7.28,7.28
13-07-2021,6.06,6.26,6.41,6.54,6.85,6.99,7.09,7.15,7.24,7.31,7.34,7.35
14-07-2021,6.09,6.29,6.44,6.56,6.85,6.98,7.09,7.16,7.24,7.30,7.32,7.32
15-07-2021,6.14,6.30,6.44,6.55,6.83,6.95,7.07,7.15,7.23,7.30,7.33,7.34
16-07-2021,6.18,6.32,6.45,6.55,6.80,6.92,7.05,7.14,7.24,7.32,7.34,7.36
19-07-2021,6.17,6.33,6.46,6.57,6.80,6.91,7.06,7.17,7.28,7.34,7.36,7.36
20-07-2021,6.23,6.36,6.47,6.56,6.79,6.87,6.99,7.10,7.22,7.31,7.34,7.35
21-07-2021,6.25,6.36,6.46,6.54,6.73,6.80,6.92,7.04,7.16,7.25,7.28,7.30
22-07-2021,6.21,6.33,6.43,6.51,6.67,6.74,6.85,6.96,7.07,7.15,7.17,7.18
23-07-2021,6.35,6.44,6.51,6.58,6.73,6.77,6.85,6.94,7.04,7.11,7.14,7.15
26-07-2021,6.35,6.43,6.51,6.58,6.74,6.80,6.86,6.92,7.02,7.11,7.13,7.13
27-07-2021,6.46,6.51,6.55,6.59,6.71,6.75,6.82,6.88,6.98,7.09,7.13,7.15
28-07-2021,6.39,6.45,6.50,6.55,6.70,6.74,6.80,6.87,6.97,7.07,7.12,7.15
29-07-2021,6.43,6.48,6.53,6.58,6.71,6.76,6.81,6.86,6.96,7.07,7.12,7.15
30-07-2021,6.49,6.52,6.56,6.59,6.70,6.74,6.79,6.84,6.93,7.03,7.08,7.12
02-08-2021,6.48,6.53,6.57,6.61,6.74,6.78,6.82,6.87,6.97,7.09,7.16,7.22
03-08-2021,6.47,6.53,6.58,6.63,6.75,6.78,6.83,6.88,6.99,7.13,7.20,7.26
04-08-2021,6.50,6.54,6.58,6.62,6.73,6.78,6.84,6.91,7.03,7.16,7.24,7.30
05-08-2021,6.49,6.54,6.58,6.62,6.71,6.76,6.83,6.90,7.02,7.15,7.23,7.30
06-08-2021,6.49,6.54,6.60,6.65,6.76,6.79,6.85,6.92,7.04,7.18,7.27,7.36
09-08-2021,6.50,6.54,6.58,6.63,6.75,6.81,6.88,6.96,7.08,7.23,7.33,7.42
10-08-2021,6.50,6.55,6.60,6.65,6.80,6.85,6.91,6.96,7.08,7.24,7.34,7.44
11-08-2021,6.51,6.56,6.60,6.65,6.77,6.83,6.90,6.98,7.10,7.26,7.37,7.47
12-08-2021,6.49,6.54,6.60,6.65,6.80,6.86,6.91,6.98,7.10,7.25,7.36,7.46
13-08-2021,6.48,6.53,6.58,6.64,6.78,6.83,6.87,6.93,7.06,7.23,7.34,7.43
16-08-2021,6.54,6.57,6.61,6.64,6.74,6.78,6.82,6.88,7.01,7.19,7.30,7.42
17-08-2021,6.55,6.58,6.60,6.63,6.72,6.76,6.80,6.87,7.01,7.21,7.35,7.49
18-08-2021,6.49,6.52,6.56,6.60,6.72,6.78,6.83,6.88,7.02,7.22,7.37,7.53
19-08-2021,6.45,6.49,6.54,6.58,6.72,6.78,6.85,6.93,7.07,7.28,7.44,7.61
20-08-2021,6.45,6.49,6.53,6.57,6.71,6.78,6.85,6.92,7.07,7.29,7.46,7.64
23-08-2021,6.42,6.46,6.51,6.55,6.70,6.78,6.86,6.94,7.09,7.31,7.47,7.66
24-08-2021,6.43,6.47,6.51,6.55,6.70,6.79,6.88,6.96,7.11,7.33,7.49,7.68
25-08-2021,6.39,6.44,6.49,6.54,6.71,6.79,6.88,6.96,7.12,7.34,7.50,7.68
26-08-2021,6.45,6.50,6.56,6.61,6.79,6.87,6.94,7.01,7.15,7.35,7.50,7.67
27-08-2021,6.44,6.49,6.54,6.60,6.75,6.83,6.89,6.96,7.10,7.31,7.44,7.60
30-08-2021,6.40,6.45,6.52,6.57,6.75,6.83,6.90,6.98,7.12,7.32,7.45,7.60
31-08-2021,6.44,6.49,6.54,6.59,6.74,6.81,6.88,6.95,7.10,7.30,7.43,7.57
01-09-2021,6.45,6.51,6.56,6.61,6.76,6.82,6.88,6.95,7.09,7.28,7.41,7.54
02-09-2021,6.58,6.62,6.67,6.71,6.81,6.86,6.92,6.99,7.13,7.32,7.45,7.59
03-09-2021,6.58,6.63,6.68,6.72,6.82,6.85,6.90,6.97,7.11,7.31,7.44,7.59
06-09-2021,6.58,6.64,6.69,6.73,6.84,6.88,6.93,7.00,7.15,7.35,7.49,7.64
07-09-2021,6.69,6.73,6.77,6.81,6.89,6.91,6.95,7.01,7.13,7.33,7.47,7.64
08-09-2021,6.76,6.79,6.82,6.85,6.90,6.92,6.95,7.00,7.13,7.34,7.49,7.67
09-09-2021,6.83,6.85,6.87,6.88,6.92,6.93,6.95,6.99,7.12,7.34,7.51,7.72
10-09-2021,6.75,6.77,6.80,6.82,6.90,6.91,6.91,6.96,7.09,7.33,7.51,7.77
13-09-2021,6.81,6.82,6.84,6.86,6.91,6.91,6.91,6.95,7.08,7.31,7.52,7.79
14-09-2021,6.79,6.81,6.83,6.85,6.93,6.94,6.95,6.99,7.12,7.35,7.55,7.83
15-09-2021,6.83,6.84,6.86,6.87,6.92,6.95,7.00,7.06,7.17,7.40,7.60,7.90
16-09-2021,6.89,6.90,6.90,6.90,6.93,6.95,7.01,7.07,7.19,7.43,7.64,7.94
17-09-2021,6.88,6.89,6.89,6.90,6.93,6.96,7.03,7.09,7.20,7.43,7.65,7.95
20-09-2021,6.96,6.97,6.97,6.98,7.03,7.06,7.12,7.19,7.29,7.50,7.70,8.00
21-09-2021,6.99,6.99,7.00,7.00,7.03,7.05,7.10,7.15,7.26,7.48,7.69,7.97
22-09-2021,6.96,6.96,6.97,6.98,7.00,7.03,7.08,7.15,7.27,7.49,7.70,8.00
23-09-2021,7.07,7.07,7.08,7.08,7.09,7.10,7.14,7.21,7.33,7.55,7.76,8.05
24-09-2021,7.10,7.10,7.11,7.11,7.14,7.16,7.21,7.27,7.39,7.62,7.83,8.12
27-09-2021,7.10,7.10,7.11,7.12,7.14,7.17,7.23,7.29,7.41,7.63,7.83,8.12
28-09-2021,7.07,7.08,7.09,7.10,7.15,7.18,7.23,7.30,7.42,7.62,7.81,8.10
29-09-2021,7.09,7.10,7.10,7.11,7.13,7.15,7.21,7.27,7.39,7.59,7.77,8.05
30-09-2021,7.12,7.13,7.14,7.15,7.19,7.21,7.26,7.31,7.42,7.64,7.83,8.11
01-10-2021,7.09,7.12,7.16,7.18,7.22,7.24,7.28,7.34,7.45,7.66,7.85,8.13
04-10-2021,7.17,7.20,7.22,7.24,7.31,7.34,7.38,7.44,7.56,7.75,7.92,8.18
05-10-2021,7.21,7.26,7.31,7.35,7.44,7.47,7.51,7.56,7.67,7.87,8.05,8.30
06-10-2021,7.10,7.20,7.29,7.36,7.46,7.49,7.54,7.59,7.69,7.88,8.04,8.28
07-10-2021,7.11,7.19,7.26,7.31,7.40,7.42,7.44,7.48,7.57,7.73,7.88,8.06
08-10-2021,7.09,7.15,7.21,7.26,7.34,7.36,7.39,7.44,7.54,7.71,7.85,8.03
11-10-2021,7.14,7.22,7.28,7.32,7.38,7.39,7.43,7.48,7.58,7.74,7.87,8.05
12-10-2021,7.14,7.21,7.27,7.32,7.38,7.41,7.44,7.49,7.59,7.76,7.89,8.07
13-10-2021,7.13,7.18,7.23,7.27,7.35,7.38,7.40,7.43,7.52,7.69,7.83,8.00
14-10-2021,7.12,7.17,7.22,7.26,7.35,7.37,7.39,7.42,7.50,7.65,7.78,7.93
15-10-2021,7.11,7.16,7.22,7.26,7.37,7.41,7.43,7.45,7.53,7.68,7.80,7.97
18-10-2021,7.14,7.21,7.28,7.34,7.47,7.50,7.51,7.53,7.61,7.76,7.89,8.05
19-10-2021,7.13,7.19,7.26,7.31,7.44,7.48,7.49,7.51,7.58,7.73,7.85,8.00
20-10-2021,7.17,7.24,7.31,7.37,7.46,7.49,7.52,7.55,7.61,7.74,7.85,7.99
21-10-2021,7.12,7.23,7.34,7.41,7.55,7.58,7.59,7.62,7.70,7.84,7.95,8.08
22-10-2021,7.19,7.33,7.46,7.56,7.80,7.86,7.85,7.84,7.86,7.92,7.96,7.98
25-10-2021,7.29,7.49,7.65,7.78,8.07,8.15,8.13,8.07,8.00,7.96,7.96,7.93
26-10-2021,7.43,7.66,7.83,7.95,8.17,8.20,8.17,8.11,8.03,7.98,7.95,7.93
27-10-2021,7.30,7.60,7.82,7.97,8.23,8.22,8.12,8.05,8.00,7.97,7.97,7.96
28-10-2021,7.45,7.76,7.99,8.15,8.42,8.44,8.34,8.25,8.16,8.10,8.07,8.05
29-10-2021,7.46,7.79,8.03,8.19,8.44,8.43,8.33,8.25,8.17,8.11,8.07,8.03
01-11-2021,7.54,7.95,8.19,8.33,8.45,8.44,8.41,8.38,8.32,8.28,8.26,8.26
02-11-2021,7.51,7.90,8.15,8.31,8.49,8.47,8.40,8.35,8.29,8.25,8.23,8.23
03-11-2021,7.48,7.85,8.11,8.29,8.55,8.52,8.41,8.35,8.29,8.25,8.24,8.24
05-11-2021,7.37,7.86,8.17,8.35,8.53,8.48,8.39,8.34,8.29,8.24,8.22,8.21
08-11-2021,7.54,7.90,8.15,8.31,8.52,8.46,8.32,8.23,8.16,8.10,8.07,8.05
09-11-2021,7.61,7.92,8.12,8.26,8.43,8.37,8.23,8.15,8.07,8.01,7.98,7.95
10-11-2021,7.76,7.96,8.11,8.22,8.38,8.35,8.21,8.11,8.02,7.95,7.91,7.87
11-11-2021,7.80,7.94,8.04,8.13,8.28,8.27,8.17,8.08,8.00,7.95,7.92,7.89
12-11-2021,7.68,7.90,8.07,8.19,8.38,8.38,8.25,8.16,8.08,8.02,7.99,7.95
15-11-2021,7.66,7.98,8.18,8.30,8.44,8.41,8.33,8.26,8.19,8.15,8.14,8.13
16-11-2021,7.88,8.07,8.21,8.32,8.51,8.53,8.44,8.35,8.23,8.16,8.13,8.10
17-11-2021,7.88,8.07,8.21,8.31,8.51,8.53,8.44,8.34,8.22,8.14,8.11,8.09
18-11-2021,8.05,8.20,8.32,8.41,8.61,8.65,8.56,8.44,8.31,8.19,8.13,8.06
19-11-2021,8.09,8.23,8.35,8.44,8.65,8.70,8.62,8.50,8.35,8.21,8.14,8.06
22-11-2021,8.22,8.41,8.56,8.68,8.93,8.98,8.89,8.75,8.58,8.43,8.35,8.28
23-11-2021,8.47,8.60,8.72,8.80,8.99,9.03,8.95,8.81,8.61,8.39,8.26,8.13
24-11-2021,8.29,8.45,8.57,8.67,8.90,8.95,8.85,8.69,8.52,8.35,8.25,8.14
25-11-2021,8.04,8.25,8.42,8.55,8.81,8.86,8.74,8.58,8.40,8.24,8.16,8.06
26-11-2021,8.08,8.28,8.43,8.55,8.81,8.85,8.73,8.57,8.39,8.24,8.16,8.08
29-11-2021,7.81,8.08,8.29,8.44,8.70,8.71,8.59,8.47,8.32,8.19,8.14,8.10
30-11-2021,7.86,8.12,8.32,8.46,8.71,8.72,8.58,8.45,8.32,8.22,8.18,8.12
01-12-2021,7.78,8.06,8.26,8.42,8.71,8.73,8.59,8.46,8.35,8.26,8.21,8.16
02-12-2021,8.03,8.25,8.41,8.53,8.74,8.73,8.60,8.49,8.40,8.31,8.27,8.23
03-12-2021,7.94,8.19,8.38,8.52,8.75,8.73,8.59,8.49,8.40,8.32,8.28,8.23
06-12-2021,8.20,8.36,8.48,8.57,8.76,8.78,8.69,8.60,8.51,8.42,8.36,8.30
07-12-2021,8.26,8.41,8.52,8.61,8.78,8.80,8.73,8.66,8.57,8.48,8.43,8.39
08-12-2021,8.14,8.33,8.47,8.58,8.79,8.81,8.74,8.67,8.58,8.49,8.45,8.41
09-12-2021,7.98,8.21,8.38,8.51,8.75,8.76,8.68,8.59,8.50,8.42,8.39,8.37
10-12-2021,7.99,8.22,8.40,8.53,8.76,8.76,8.66,8.57,8.49,8.42,8.38,8.33
13-12-2021,7.85,8.12,8.32,8.47,8.74,8.77,8.71,8.64,8.55,8.47,8.44,8.41
14-12-2021,8.01,8.25,8.42,8.55,8.79,8.82,8.73,8.64,8.55,8.48,8.45,8.42
15-12-2021,7.80,8.10,8.32,8.48,8.77,8.80,8.73,8.65,8.57,8.50,8.47,8.45
16-12-2021,7.77,8.06,8.28,8.44,8.74,8.78,8.69,8.60,8.50,8.42,8.38,8.35
17-12-2021,7.54,7.88,8.14,8.33,8.69,8.72,8.59,8.48,8.39,8.31,8.28,8.22
20-12-2021,7.52,7.82,8.05,8.23,8.60,8.68,8.60,8.50,8.39,8.29,8.23,8.17
21-12-2021,7.56,7.81,8.01,8.17,8.53,8.64,8.61,8.52,8.42,8.35,8.31,8.27
22-12-2021,7.42,7.68,7.88,8.05,8.41,8.54,8.54,8.49,8.42,8.37,8.34,8.30
23-12-2021,7.34,7.66,7.89,8.06,8.38,8.47,8.51,8.50,8.46,8.43,8.43,8.43
24-12-2021,7.30,7.69,7.95,8.11,8.36,8.40,8.44,8.46,8.46,8.46,8.46,8.47
27-12-2021,7.39,7.75,7.99,8.15,8.41,8.46,8.48,8.48,8.45,8.44,8.44,8.45
28-12-2021,7.45,7.80,8.02,8.17,8.39,8.43,8.46,8.47,8.45,8.44,8.44,8.44
29-12-2021,7.52,7.87,8.09,8.23,8.44,8.47,8.48,8.47,8.45,8.44,8.44,8.45
30-12-2021,7.40,7.81,8.04,8.18,8.35,8.40,8.44,8.45,8.44,8.43,8.43,8.44
03-01-2022,7.37,7.75,7.95,8.06,8.21,8.27,8.33,8.36,8.37,8.37,8.37,8.37
04-01-2022,7.44,7.81,7.99,8.09,8.21,8.27,8.34,8.37,8.37,8.37,8.36,8.36
05-01-2022,7.48,7.79,7.96,8.06,8.20,8.24,8.30,8.33,8.34,8.34,8.34,8.34
06-01-2022,7.71,7.99,8.16,8.28,8.46,8.50,8.49,8.48,8.47,8.47,8.47,8.49
10-01-2022,8.10,8.39,8.52,8.57,8.64,8.66,8.66,8.63,8.58,8.55,8.56,8.57
11-01-2022,8.42,8.50,8.57,8.63,8.76,8.81,8.83,8.81,8.73,8.64,8.60,8.56
12-01-2022,8.52,8.58,8.63,8.68,8.80,8.86,8.88,8.84,8.76,8.63,8.55,8.46
13-01-2022,8.98,9.01,9.04,9.07,9.14,9.20,9.24,9.19,9.04,8.86,8.74,8.61
14-01-2022,9.25,9.30,9.34,9.37,9.44,9.47,9.46,9.40,9.25,9.04,8.89,8.71
17-01-2022,9.44,9.49,9.53,9.55,9.57,9.57,9.58,9.55,9.44,9.23,9.07,8.86
18-01-2022,9.59,9.62,9.64,9.66,9.66,9.63,9.58,9.50,9.37,9.18,9.05,8.87
19-01-2022,9.55,9.57,9.59,9.59,9.55,9.49,9.42,9.35,9.22,9.03,8.90,8.73
20-01-2022,9.63,9.65,9.66,9.66,9.62,9.57,9.50,9.42,9.29,9.10,8.97,8.81
21-01-2022,9.79,9.78,9.77,9.76,9.69,9.65,9.60,9.52,9.35,9.16,9.05,8.92
24-01-2022,9.98,9.98,9.98,9.97,9.94,9.93,9.90,9.83,9.69,9.52,9.40,9.26
25-01-2022,9.99,9.99,9.99,9.98,9.95,9.95,9.94,9.89,9.75,9.58,9.45,9.30
26-01-2022,9.90,9.91,9.93,9.95,9.98,9.96,9.92,9.86,9.75,9.57,9.45,9.29
27-01-2022,9.79,9.79,9.79,9.77,9.70,9.67,9.65,9.60,9.48,9.31,9.19,9.05
28-01-2022,9.74,9.74,9.74,9.74,9.72,9.71,9.67,9.61,9.49,9.33,9.22,9.09
31-01-2022,9.70,9.72,9.72,9.72,9.67,9.65,9.60,9.54,9.42,9.27,9.16,9.03
01-02-2022,9.73,9.72,9.70,9.69,9.64,9.63,9.60,9.53,9.42,9.26,9.15,9.02
02-02-2022,9.64,9.64,9.63,9.63,9.60,9.57,9.53,9.47,9.34,9.18,9.08,8.96
03-02-2022,9.65,9.65,9.65,9.64,9.61,9.58,9.54,9.50,9.40,9.25,9.14,8.99
04-02-2022,9.67,9.66,9.64,9.63,9.57,9.54,9.51,9.46,9.36,9.21,9.10,8.95
07-02-2022,9.69,9.68,9.67,9.66,9.61,9.57,9.53,9.48,9.39,9.25,9.14,9.00
08-02-2022,9.73,9.71,9.70,9.68,9.62,9.58,9.52,9.47,9.38,9.26,9.18,9.07
09-02-2022,9.76,9.74,9.72,9.70,9.64,9.59,9.52,9.46,9.36,9.25,9.19,9.10
10-02-2022,9.78,9.76,9.75,9.74,9.69,9.63,9.54,9.48,9.41,9.31,9.25,9.17
11-02-2022,10.15,10.13,10.11,10.10,10.11,10.08,9.97,9.86,9.74,9.59,9.50,9.38
14-02-2022,10.31,10.31,10.32,10.33,10.38,10.40,10.34,10.22,10.02,9.80,9.66,9.50
15-02-2022,10.07,10.12,10.16,10.18,10.17,10.12,10.01,9.89,9.73,9.55,9.43,9.31
16-02-2022,10.01,10.06,10.09,10.10,10.11,10.06,9.91,9.76,9.60,9.48,9.42,9.35
17-02-2022,10.11,10.17,10.21,10.23,10.23,10.17,10.00,9.86,9.69,9.54,9.46,9.38
18-02-2022,10.18,10.22,10.24,10.25,10.25,10.19,10.05,9.91,9.75,9.60,9.51,9.43
21-02-2022,11.15,11.16,11.15,11.12,11.00,10.96,10.85,10.71,10.51,10.28,10.14,10.00
22-02-2022,11.46,11.46,11.45,11.44,11.34,11.25,11.10,10.96,10.78,10.59,10.49,10.39
24-02-2022,16.88,16.70,16.51,16.31,15.66,15.34,14.96,14.36,13.16,11.95,11.32,10.66
25-02-2022,13.77,13.69,13.58,13.45,13.09,13.11,13.20,13.04,12.52,11.76,11.21,10.46
21-03-2022,17.22,17.01,16.80,16.58,15.82,15.28,14.62,14.15,13.57,13.03,12.78,12.57
22-03-2022,17.57,17.02,16.54,16.12,14.92,14.27,13.80,13.59,13.22,12.82,12.63,12.55
23-03-2022,17.87,17.29,16.80,16.38,15.17,14.46,13.97,13.85,13.63,13.34,13.19,13.12
24-03-2022,17.82,17.29,16.85,16.46,15.24,14.34,13.60,13.44,13.36,13.26,13.19,13.13
25-03-2022,17.47,17.01,16.61,16.25,15.10,14.24,13.42,13.19,13.18,13.34,13.46,13.61
28-03-2022,17.57,17.08,16.64,16.25,15.01,14.16,13.43,13.26,13.26,13.39,13.49,13.61
29-03-2022,17.12,16.57,16.08,15.65,14.35,13.48,12.69,12.48,12.45,12.54,12.64,12.76
30-03-2022,15.42,14.92,14.48,14.10,13.02,12.46,12.11,12.00,11.78,11.52,11.39,11.37
31-03-2022,15.14,14.57,14.09,13.69,12.57,11.92,11.40,11.26,11.23,11.18,11.13,11.07
01-04-2022,15.06,14.52,14.07,13.69,12.73,12.27,11.82,11.57,11.36,11.26,11.23,11.19
04-04-2022,15.55,14.83,14.27,13.84,12.84,12.44,12.12,11.95,11.78,11.67,11.64,11.61
05-04-2022,15.28,14.67,14.17,13.76,12.75,12.33,12.03,11.90,11.76,11.66,11.63,11.61
06-04-2022,15.22,14.64,14.17,13.79,12.85,12.42,12.11,11.99,11.92,11.93,11.95,11.93
07-04-2022,15.09,14.45,13.94,13.54,12.63,12.27,12.04,11.94,11.84,11.78,11.77,11.78
08-04-2022,13.95,13.22,12.67,12.24,11.33,11.06,10.95,10.94,10.94,10.95,10.97,10.99
11-04-2022,14.62,13.67,12.96,12.42,11.30,10.99,10.85,10.82,10.80,10.79,10.80,10.81
12-04-2022,15.67,14.01,12.97,12.30,11.28,11.03,10.89,10.83,10.80,10.78,10.76,10.76
13-04-2022,15.18,13.45,12.48,11.92,11.12,10.89,10.72,10.66,10.61,10.58,10.57,10.56
14-04-2022,15.29,13.35,12.36,11.83,11.12,10.92,10.74,10.66,10.59,10.56,10.54,10.53
15-04-2022,14.58,13.16,12.37,11.91,11.23,11.00,10.79,10.69,10.62,10.57,10.57,10.57
18-04-2022,14.15,13.08,12.31,11.77,10.79,10.54,10.43,10.40,10.36,10.33,10.30,10.27
19-04-2022,13.95,12.25,11.39,10.95,10.45,10.36,10.30,10.27,10.25,10.22,10.22,10.21
20-04-2022,14.60,12.51,11.44,10.88,10.26,10.16,10.10,10.08,10.05,10.02,10.01,10.01
21-04-2022,14.44,12.61,11.53,10.88,10.03,9.91,9.87,9.86,9.84,9.83,9.82,9.81
22-04-2022,14.46,12.47,11.37,10.76,10.06,9.97,9.94,9.92,9.91,9.89,9.88,9.88
25-04-2022,14.65,12.51,11.36,10.74,10.06,10.01,10.00,9.99,9.98,9.96,9.94,9.92
26-04-2022,14.60,12.55,11.36,10.66,9.82,9.76,9.80,9.82,9.83,9.82,9.82,9.81
27-04-2022,13.79,12.08,11.05,10.45,9.82,9.88,10.03,10.10,10.15,10.18,10.19,10.20
28-04-2022,13.06,11.48,10.60,10.14,9.83,9.98,10.19,10.27,10.34,10.40,10.44,10.49
29-04-2022,13.09,11.62,10.72,10.19,9.68,9.81,10.08,10.22,10.32,10.41,10.47,10.52
04-05-2022,13.70,12.18,11.21,10.61,9.85,9.88,10.11,10.23,10.32,10.39,10.42,10.46
05-05-2022,13.92,12.24,11.25,10.67,10.06,10.13,10.30,10.38,10.44,10.50,10.54,10.59
06-05-2022,13.33,11.68,10.81,10.36,10.06,10.17,10.30,10.36,10.39,10.43,10.45,10.48
11-05-2022,12.93,11.33,10.58,10.25,10.12,10.23,10.34,10.37,10.40,10.42,10.43,10.45
12-05-2022,12.68,11.17,10.48,10.18,10.14,10.27,10.39,10.42,10.45,10.48,10.50,10.52
13-05-2022,12.79,11.47,10.72,10.32,10.02,10.15,10.32,10.39,10.44,10.49,10.53,10.56
16-05-2022,12.23,11.07,10.48,10.20,10.13,10.28,10.40,10.44,10.46,10.51,10.55,10.59
17-05-2022,13.17,12.03,11.27,10.78,10.12,10.11,10.27,10.37,10.45,10.53,10.58,10.64
18-05-2022,13.10,11.89,11.14,10.70,10.22,10.26,10.38,10.43,10.47,10.52,10.56,10.62
19-05-2022,13.18,11.99,11.23,10.76,10.15,10.13,10.24,10.29,10.33,10.37,10.40,10.43
20-05-2022,13.07,11.99,11.28,10.82,10.19,10.15,10.22,10.25,10.27,10.29,10.31,10.34
23-05-2022,13.13,12.02,11.34,10.93,10.39,10.32,10.28,10.26,10.26,10.28,10.29,10.32
24-05-2022,13.02,11.93,11.29,10.91,10.44,10.35,10.27,10.23,10.19,10.18,10.18,10.19
25-05-2022,12.07,11.11,10.59,10.31,9.98,9.87,9.70,9.60,9.51,9.45,9.46,9.51
26-05-2022,11.04,10.60,10.31,10.12,9.81,9.71,9.59,9.51,9.44,9.40,9.38,9.39
27-05-2022,10.59,10.37,10.21,10.10,9.93,9.85,9.69,9.57,9.47,9.40,9.38,9.39
30-05-2022,10.65,10.33,10.15,10.05,9.93,9.88,9.74,9.61,9.47,9.44,9.46,9.50
31-05-2022,10.80,10.46,10.24,10.09,9.85,9.78,9.68,9.58,9.48,9.43,9.44,9.46
01-06-2022,10.44,10.03,9.81,9.68,9.47,9.37,9.30,9.27,9.23,9.21,9.21,9.22
02-06-2022,9.90,9.68,9.55,9.48,9.36,9.30,9.23,9.19,9.15,9.12,9.12,9.13
03-06-2022,9.96,9.70,9.51,9.39,9.18,9.14,9.13,9.13,9.13,9.13,9.15,9.17
06-06-2022,9.74,9.49,9.33,9.24,9.13,9.11,9.10,9.08,9.05,9.05,9.05,9.06
07-06-2022,9.61,9.36,9.22,9.15,9.10,9.11,9.10,9.06,9.02,9.01,9.02,9.04
08-06-2022,9.50,9.19,9.07,9.02,9.02,9.08,9.12,9.10,9.05,9.02,9.02,9.04
09-06-2022,9.40,9.06,8.95,8.92,9.00,9.06,9.08,9.04,8.99,8.98,9.00,9.03
10-06-2022,9.45,9.11,9.01,9.01,9.14,9.15,9.08,9.05,9.09,9.15,9.18,9.20
14-06-2022,9.68,9.26,9.10,9.05,9.07,9.10,9.10,9.09,9.08,9.10,9.11,9.11
15-06-2022,9.28,9.09,9.03,9.01,9.05,9.08,9.08,9.07,9.07,9.09,9.10,9.10
16-06-2022,9.22,9.12,9.07,9.04,9.02,9.02,9.03,9.02,8.98,8.95,8.95,8.96
17-06-2022,9.14,9.02,8.96,8.94,8.95,8.99,9.04,9.04,8.98,8.94,8.95,8.97
20-06-2022,9.32,9.07,8.97,8.94,8.97,9.00,9.02,9.00,8.95,8.93,8.94,8.96
21-06-2022,9.01,8.98,8.98,8.98,8.96,8.94,8.94,8.95,8.93,8.93,8.94,8.95
22-06-2022,9.00,8.95,8.92,8.91,8.91,8.93,8.97,8.98,8.94,8.93,8.93,8.94
23-06-2022,8.95,8.90,8.86,8.84,8.82,8.82,8.81,8.80,8.81,8.84,8.86,8.85
24-06-2022,8.80,8.77,8.75,8.73,8.71,8.71,8.73,8.75,8.78,8.80,8.81,8.82
27-06-2022,8.49,8.55,8.59,8.61,8.61,8.61,8.63,8.66,8.70,8.75,8.79,8.83
28-06-2022,8.65,8.63,8.61,8.59,8.54,8.54,8.61,8.68,8.72,8.77,8.80,8.83
29-06-2022,8.89,8.78,8.70,8.64,8.54,8.54,8.63,8.71,8.74,8.78,8.81,8.85
30-06-2022,8.75,8.73,8.71,8.69,8.65,8.67,8.74,8.78,8.79,8.81,8.82,8.83
01-07-2022,8.70,8.64,8.61,8.60,8.63,8.69,8.79,8.84,8.84,8.85,8.87,8.88
04-07-2022,8.39,8.40,8.44,8.49,8.68,8.78,8.87,8.91,8.94,8.96,8.96,8.96
05-07-2022,8.34,8.37,8.44,8.51,8.72,8.83,8.92,8.95,8.97,9.02,9.04,9.04
06-07-2022,8.22,8.29,8.36,8.44,8.66,8.78,8.89,8.93,8.94,8.98,9.00,9.01
07-07-2022,8.09,8.16,8.23,8.29,8.51,8.66,8.81,8.88,8.95,9.05,9.09,9.11
08-07-2022,8.11,8.16,8.21,8.26,8.44,8.58,8.77,8.88,8.97,9.07,9.12,9.15
11-07-2022,7.90,7.97,8.04,8.11,8.34,8.53,8.78,8.91,9.01,9.13,9.20,9.25
12-07-2022,7.89,7.98,8.05,8.12,8.35,8.57,8.86,8.99,9.06,9.14,9.19,9.23
13-07-2022,7.85,7.90,7.95,8.01,8.27,8.53,8.89,9.07,9.15,9.23,9.27,9.33
14-07-2022,8.16,8.09,8.08,8.11,8.35,8.59,8.90,9.03,9.11,9.18,9.22,9.25
15-07-2022,8.37,8.16,8.07,8.05,8.28,8.57,8.90,9.02,9.07,9.12,9.16,9.20
18-07-2022,8.36,8.14,8.07,8.08,8.38,8.67,8.96,9.05,9.09,9.14,9.19,9.24
19-07-2022,8.48,8.20,8.10,8.10,8.38,8.66,8.96,9.06,9.10,9.15,9.19,9.24
20-07-2022,8.41,8.12,8.01,8.00,8.29,8.58,8.90,9.03,9.10,9.15,9.19,9.24
21-07-2022,7.95,7.82,7.77,7.78,8.05,8.37,8.77,8.95,9.03,9.09,9.13,9.19
22-07-2022,7.42,7.34,7.34,7.39,7.75,8.08,8.49,8.69,8.83,8.95,9.01,9.08
25-07-2022,7.05,7.02,7.07,7.17,7.65,8.05,8.49,8.68,8.83,8.94,9.00,9.06
26-07-2022,6.98,6.97,7.03,7.13,7.60,7.99,8.46,8.69,8.87,9.00,9.06,9.13
27-07-2022,6.97,7.04,7.12,7.22,7.62,7.97,8.44,8.70,8.91,9.07,9.14,9.21
28-07-2022,7.05,7.10,7.17,7.25,7.60,7.92,8.39,8.65,8.86,9.03,9.11,9.20
29-07-2022,7.15,7.12,7.14,7.19,7.51,7.85,8.37,8.67,8.89,9.06,9.15,9.25
01-08-2022,7.36,7.25,7.21,7.23,7.53,7.85,8.36,8.65,8.87,9.03,9.11,9.19
02-08-2022,7.55,7.41,7.34,7.32,7.53,7.85,8.38,8.68,8.88,9.04,9.13,9.22
03-08-2022,7.61,7.48,7.43,7.42,7.63,7.93,8.39,8.67,8.88,9.05,9.13,9.21
04-08-2022,7.42,7.37,7.36,7.39,7.64,7.93,8.38,8.65,8.84,8.98,9.06,9.13
05-08-2022,7.42,7.36,7.36,7.40,7.72,8.05,8.48,8.70,8.87,9.02,9.09,9.16
08-08-2022,7.46,7.37,7.37,7.41,7.77,8.07,8.46,8.68,8.86,8.99,9.04,9.09
09-08-2022,7.35,7.37,7.42,7.48,7.76,8.01,8.41,8.66,8.85,8.99,9.07,9.13
10-08-2022,7.37,7.38,7.42,7.47,7.75,8.03,8.44,8.69,8.91,9.08,9.15,9.23
11-08-2022,7.34,7.36,7.41,7.48,7.79,8.10,8.56,8.81,8.98,9.11,9.18,9.25
12-08-2022,7.36,7.38,7.43,7.50,7.83,8.14,8.56,8.78,8.96,9.10,9.16,9.22
15-08-2022,7.34,7.36,7.41,7.48,7.81,8.12,8.54,8.78,8.99,9.15,9.22,9.28
16-08-2022,7.35,7.36,7.40,7.46,7.78,8.10,8.54,8.78,8.96,9.12,9.19,9.26
17-08-2022,7.38,7.34,7.35,7.40,7.74,8.08,8.55,8.79,8.94,9.06,9.12,9.19
18-08-2022,7.51,7.39,7.36,7.39,7.73,8.09,8.55,8.78,8.93,9.04,9.11,9.17
19-08-2022,7.51,7.38,7.35,7.37,7.72,8.10,8.62,8.88,9.03,9.15,9.22,9.29
22-08-2022,7.77,7.62,7.57,7.59,7.88,8.20,8.65,8.88,9.03,9.15,9.21,9.27
23-08-2022,7.63,7.48,7.44,7.48,7.88,8.24,8.66,8.87,9.02,9.14,9.20,9.25
24-08-2022,7.68,7.59,7.56,7.58,7.83,8.14,8.62,8.89,9.09,9.24,9.31,9.39
25-08-2022,7.69,7.55,7.50,7.50,7.78,8.11,8.59,8.85,9.04,9.19,9.25,9.32
26-08-2022,7.69,7.61,7.58,7.59,7.80,8.08,8.57,8.86,9.08,9.24,9.33,9.43
29-08-2022,7.67,7.65,7.65,7.67,7.85,8.08,8.52,8.82,9.05,9.24,9.35,9.45
30-08-2022,7.63,7.62,7.63,7.66,7.85,8.10,8.53,8.82,9.06,9.26,9.36,9.47
31-08-2022,7.71,7.68,7.68,7.69,7.84,8.05,8.51,8.84,9.11,9.32,9.43,9.56
01-09-2022,7.64,7.66,7.69,7.72,7.86,8.05,8.48,8.81,9.08,9.29,9.40,9.53
02-09-2022,7.59,7.62,7.65,7.68,7.79,7.95,8.35,8.70,9.04,9.32,9.47,9.64
05-09-2022,7.47,7.52,7.57,7.61,7.75,7.90,8.28,8.62,8.98,9.29,9.44,9.62
06-09-2022,7.51,7.51,7.52,7.54,7.69,7.87,8.28,8.62,8.98,9.30,9.46,9.62
07-09-2022,7.62,7.62,7.63,7.64,7.72,7.88,8.25,8.61,8.99,9.30,9.46,9.64
08-09-2022,7.45,7.50,7.56,7.61,7.78,7.96,8.35,8.70,9.06,9.37,9.52,9.69
09-09-2022,7.59,7.59,7.61,7.63,7.77,7.95,8.36,8.70,9.05,9.34,9.48,9.64
12-09-2022,7.54,7.52,7.52,7.53,7.67,7.88,8.32,8.69,9.06,9.33,9.46,9.61
13-09-2022,7.44,7.47,7.51,7.55,7.73,7.94,8.39,8.75,9.09,9.35,9.48,9.62
14-09-2022,7.46,7.44,7.45,7.47,7.65,7.89,8.36,8.74,9.08,9.31,9.42,9.55
15-09-2022,7.37,7.37,7.39,7.41,7.61,7.86,8.35,8.73,9.07,9.33,9.44,9.58
16-09-2022,7.44,7.40,7.39,7.40,7.60,7.89,8.47,8.88,9.21,9.42,9.52,9.65
19-09-2022,7.48,7.46,7.47,7.50,7.73,8.03,8.65,9.09,9.43,9.69,9.82,9.97
20-09-2022,7.58,7.63,7.70,7.78,8.17,8.56,9.25,9.71,10.05,10.30,10.42,10.57
21-09-2022,7.53,7.66,7.79,7.91,8.31,8.60,9.16,9.59,9.91,10.14,10.26,10.42
22-09-2022,7.41,7.55,7.70,7.85,8.39,8.83,9.50,9.90,10.19,10.42,10.54,10.67
23-09-2022,7.55,7.71,7.87,8.02,8.55,8.98,9.62,10.01,10.31,10.55,10.67,10.81
26-09-2022,8.25,8.32,8.40,8.49,8.84,9.20,9.84,10.25,10.56,10.82,10.97,11.13
27-09-2022,8.18,8.17,8.19,8.24,8.57,8.95,9.64,10.09,10.42,10.70,10.84,11.00
28-09-2022,8.20,8.19,8.23,8.30,8.74,9.22,9.91,10.27,10.50,10.69,10.80,10.90
29-09-2022,8.44,8.49,8.58,8.69,9.16,9.59,10.14,10.42,10.62,10.80,10.90,10.97
30-09-2022,8.61,8.64,8.71,8.79,9.21,9.65,10.28,10.61,10.79,10.96,11.05,11.15
03-10-2022,8.31,8.33,8.38,8.44,8.76,9.13,9.79,10.21,10.50,10.73,10.85,10.97
04-10-2022,7.93,8.02,8.12,8.23,8.67,9.07,9.69,10.08,10.35,10.57,10.70,10.83
05-10-2022,7.80,7.91,8.04,8.16,8.67,9.10,9.72,10.07,10.30,10.50,10.59,10.69
06-10-2022,7.72,7.86,8.00,8.13,8.58,8.94,9.55,9.96,10.29,10.57,10.72,10.88
07-10-2022,7.68,7.81,7.94,8.08,8.55,8.92,9.57,10.02,10.37,10.65,10.79,10.93
10-10-2022,7.82,7.99,8.15,8.29,8.75,9.10,9.74,10.18,10.49,10.77,10.93,11.10
11-10-2022,7.60,7.78,7.95,8.11,8.63,8.98,9.57,9.97,10.29,10.54,10.67,10.81
12-10-2022,7.72,7.92,8.10,8.26,8.70,8.98,9.51,9.91,10.26,10.55,10.70,10.87
13-10-2022,7.66,7.83,7.98,8.12,8.55,8.87,9.43,9.84,10.20,10.50,10.67,10.84
14-10-2022,7.64,7.79,7.93,8.06,8.49,8.82,9.41,9.84,10.19,10.49,10.66,10.84
17-10-2022,7.69,7.82,7.93,8.04,8.40,8.72,9.31,9.76,10.15,10.49,10.68,10.88
18-10-2022,7.69,7.80,7.90,8.00,8.34,8.66,9.30,9.78,10.17,10.49,10.66,10.85
19-10-2022,7.70,7.74,7.80,7.87,8.20,8.57,9.26,9.76,10.16,10.49,10.66,10.86
20-10-2022,7.72,7.71,7.73,7.77,8.08,8.46,9.22,9.75,10.18,10.53,10.71,10.91
21-10-2022,7.68,7.63,7.63,7.66,7.95,8.34,9.17,9.74,10.16,10.46,10.61,10.80
24-10-2022,7.70,7.64,7.62,7.65,7.92,8.32,9.15,9.72,10.14,10.45,10.61,10.79
25-10-2022,7.60,7.59,7.61,7.65,7.95,8.32,9.13,9.72,10.17,10.51,10.69,10.90
26-10-2022,7.63,7.59,7.59,7.62,7.93,8.35,9.19,9.76,10.18,10.48,10.64,10.83
27-10-2022,7.54,7.53,7.56,7.62,8.01,8.44,9.27,9.81,10.17,10.42,10.57,10.75
28-10-2022,7.42,7.45,7.52,7.60,8.03,8.45,9.25,9.78,10.16,10.43,10.56,10.73
31-10-2022,7.43,7.51,7.61,7.72,8.20,8.64,9.37,9.84,10.18,10.45,10.59,10.75
01-11-2022,7.52,7.56,7.62,7.70,8.13,8.58,9.38,9.89,10.23,10.46,10.59,10.75
02-11-2022,7.49,7.52,7.59,7.69,8.17,8.67,9.49,10.01,10.37,10.65,10.80,10.97
03-11-2022,7.37,7.39,7.46,7.55,8.06,8.60,9.46,9.98,10.35,10.64,10.80,10.98
07-11-2022,7.31,7.33,7.39,7.50,8.07,8.64,9.52,10.02,10.35,10.63,10.78,10.94
08-11-2022,7.42,7.43,7.49,7.60,8.18,8.77,9.67,10.18,10.53,10.82,10.97,11.14
09-11-2022,7.51,7.53,7.59,7.68,8.17,8.69,9.54,10.08,10.48,10.80,10.98,11.17
10-11-2022,7.51,7.50,7.55,7.62,8.08,8.58,9.44,10.00,10.42,10.74,10.90,11.09
11-11-2022,7.49,7.46,7.49,7.55,8.00,8.53,9.42,9.98,10.39,10.72,10.89,11.08
14-11-2022,7.32,7.34,7.41,7.51,8.06,8.63,9.52,10.03,10.37,10.66,10.83,11.02
15-11-2022,7.32,7.33,7.39,7.48,8.00,8.54,9.44,9.99,10.40,10.71,10.87,11.05
16-11-2022,7.34,7.37,7.44,7.53,7.99,8.46,9.29,9.83,10.19,10.44,10.58,10.76
17-11-2022,7.20,7.27,7.38,7.49,7.97,8.44,9.26,9.81,10.23,10.53,10.69,10.87
18-11-2022,7.31,7.32,7.37,7.44,7.87,8.35,9.23,9.80,10.23,10.54,10.71,10.90
21-11-2022,7.40,7.41,7.46,7.52,7.91,8.37,9.26,9.88,10.34,10.68,10.86,11.07
22-11-2022,7.30,7.34,7.40,7.48,7.90,8.37,9.24,9.84,10.32,10.70,10.89,11.10
23-11-2022,7.33,7.35,7.40,7.48,7.90,8.37,9.25,9.86,10.32,10.66,10.84,11.05
24-11-2022,7.29,7.32,7.38,7.46,7.87,8.33,9.21,9.81,10.25,10.58,10.75,10.95
25-11-2022,7.32,7.35,7.41,7.49,7.90,8.35,9.19,9.77,10.23,10.59,10.78,10.99
28-11-2022,7.24,7.29,7.36,7.45,7.90,8.38,9.23,9.81,10.25,10.59,10.76,10.96
29-11-2022,7.08,7.18,7.30,7.42,7.92,8.40,9.26,9.84,10.26,10.57,10.73,10.94
30-11-2022,7.11,7.22,7.33,7.46,7.95,8.41,9.24,9.79,10.20,10.50,10.66,10.85
01-12-2022,6.93,7.09,7.25,7.40,7.96,8.43,9.26,9.82,10.24,10.55,10.71,10.90
02-12-2022,7.05,7.18,7.31,7.45,7.99,8.47,9.30,9.85,10.28,10.62,10.79,10.99
05-12-2022,7.15,7.23,7.33,7.45,7.97,8.49,9.35,9.90,10.31,10.61,10.76,10.93
06-12-2022,7.08,7.14,7.23,7.34,7.89,8.45,9.35,9.91,10.30,10.58,10.73,10.92
07-12-2022,7.16,7.22,7.30,7.41,7.92,8.43,9.32,9.89,10.29,10.59,10.75,10.94
08-12-2022,6.98,7.09,7.21,7.35,7.87,8.37,9.24,9.82,10.26,10.60,10.77,10.97
09-12-2022,6.81,6.95,7.11,7.26,7.87,8.38,9.26,9.84,10.28,10.62,10.80,11.00
12-12-2022,6.66,6.79,6.95,7.11,7.74,8.31,9.26,9.85,10.27,10.58,10.74,10.93
13-12-2022,6.25,6.54,6.80,7.02,7.73,8.31,9.24,9.84,10.28,10.60,10.77,10.98
14-12-2022,6.31,6.56,6.80,7.01,7.73,8.33,9.27,9.87,10.30,10.63,10.81,11.03
15-12-2022,6.46,6.64,6.81,6.99,7.69,8.31,9.30,9.91,10.37,10.72,10.90,11.11
16-12-2022,6.61,6.71,6.84,6.99,7.65,8.28,9.31,9.93,10.36,10.67,10.84,11.03
19-12-2022,7.11,7.15,7.23,7.34,7.88,8.41,9.34,9.95,10.44,10.82,11.01,11.23
20-12-2022,7.20,7.21,7.26,7.35,7.87,8.43,9.39,10.00,10.47,10.82,11.00,11.20
21-12-2022,7.35,7.28,7.28,7.33,7.80,8.37,9.37,10.01,10.47,10.82,11.00,11.20
22-12-2022,7.14,7.17,7.24,7.35,7.88,8.42,9.36,9.97,10.45,10.81,11.00,11.22
23-12-2022,7.28,7.29,7.33,7.41,7.88,8.39,9.34,9.98,10.46,10.82,11.01,11.22
26-12-2022,7.23,7.26,7.33,7.42,7.91,8.43,9.32,9.91,10.37,10.72,10.90,11.10
27-12-2022,7.23,7.32,7.43,7.55,8.09,8.59,9.44,10.00,10.43,10.74,10.89,11.08
28-12-2022,7.20,7.29,7.40,7.52,8.04,8.54,9.38,9.93,10.37,10.70,10.88,11.07
29-12-2022,6.94,7.10,7.26,7.42,8.03,8.54,9.39,9.95,10.39,10.73,10.90,11.10
30-12-2022,6.68,6.87,7.06,7.25,7.95,8.52,9.37,9.89,10.31,10.63,10.82,11.04
03-01-2023,6.60,6.71,6.85,7.01,7.69,8.32,9.28,9.86,10.27,10.58,10.74,10.94
04-01-2023,6.80,6.83,6.91,7.03,7.63,8.25,9.25,9.84,10.28,10.60,10.76,10.96
05-01-2023,6.98,6.95,6.99,7.06,7.60,8.21,9.21,9.82,10.26,10.59,10.77,10.96
06-01-2023,6.91,6.88,6.93,7.03,7.65,8.32,9.33,9.90,10.28,10.56,10.71,10.89
09-01-2023,7.09,7.14,7.23,7.35,7.94,8.51,9.39,9.93,10.35,10.68,10.84,11.02
10-01-2023,7.04,7.16,7.29,7.43,8.01,8.53,9.38,9.93,10.37,10.70,10.87,11.06
11-01-2023,7.01,7.11,7.22,7.36,7.95,8.52,9.43,10.00,10.43,10.76,10.93,11.11
12-01-2023,7.04,7.14,7.26,7.39,7.97,8.53,9.41,9.96,10.39,10.71,10.88,11.07
13-01-2023,7.02,7.14,7.27,7.42,8.01,8.54,9.39,9.95,10.38,10.71,10.88,11.07
16-01-2023,7.00,7.14,7.29,7.43,8.00,8.53,9.37,9.93,10.39,10.75,10.93,11.13
17-01-2023,7.00,7.13,7.26,7.40,7.95,8.47,9.34,9.92,10.44,10.86,11.07,11.30
18-01-2023,7.03,7.15,7.28,7.41,7.94,8.46,9.34,9.95,10.45,10.86,11.07,11.30
19-01-2023,7.07,7.18,7.30,7.44,7.98,8.49,9.36,9.95,10.45,10.85,11.06,11.29
20-01-2023,7.10,7.21,7.33,7.46,8.00,8.49,9.35,9.96,10.50,10.93,11.15,11.39
23-01-2023,7.11,7.22,7.34,7.47,8.01,8.50,9.36,9.97,10.50,10.94,11.17,11.40
24-01-2023,7.08,7.19,7.31,7.44,7.98,8.51,9.39,10.00,10.53,10.97,11.19,11.43
25-01-2023,7.06,7.17,7.30,7.43,7.97,8.48,9.37,9.99,10.53,10.98,11.21,11.46
26-01-2023,6.88,7.01,7.15,7.29,7.88,8.43,9.39,10.04,10.56,10.97,11.18,11.42
27-01-2023,6.91,7.04,7.18,7.32,7.93,8.48,9.38,9.98,10.51,10.94,11.16,11.40
30-01-2023,6.82,6.96,7.11,7.27,7.91,8.49,9.44,10.06,10.56,10.94,11.13,11.34
31-01-2023,6.88,7.01,7.15,7.30,7.88,8.43,9.37,10.03,10.59,11.05,11.28,11.53
01-02-2023,6.94,7.06,7.18,7.31,7.86,8.41,9.37,10.05,10.65,11.14,11.38,11.64
02-02-2023,6.92,7.05,7.18,7.32,7.87,8.38,9.32,10.01,10.62,11.12,11.39,11.67
03-02-2023,6.94,7.09,7.24,7.39,7.94,8.46,9.37,10.04,10.67,11.22,11.51,11.82
06-02-2023,6.91,7.06,7.22,7.37,7.92,8.44,9.34,10.01,10.63,11.17,11.46,11.75
07-02-2023,7.06,7.18,7.31,7.45,7.98,8.46,9.37,10.06,10.68,11.22,11.50,11.80
08-02-2023,7.20,7.30,7.41,7.53,8.02,8.49,9.40,10.09,10.72,11.25,11.53,11.82
09-02-2023,7.23,7.31,7.42,7.54,8.05,8.56,9.48,10.15,10.73,11.21,11.46,11.72
10-02-2023,7.21,7.32,7.45,7.58,8.10,8.58,9.49,10.16,10.78,11.30,11.57,11.86
13-02-2023,7.38,7.54,7.69,7.84,8.36,8.80,9.63,10.25,10.78,11.21,11.44,11.68
14-02-2023,7.38,7.54,7.69,7.84,8.33,8.77,9.57,10.19,10.76,11.27,11.53,11.81
15-02-2023,7.36,7.53,7.69,7.85,8.42,8.89,9.72,10.31,10.82,11.25,11.48,11.73
16-02-2023,7.40,7.58,7.75,7.91,8.48,8.91,9.67,10.26,10.82,11.32,11.59,11.89
17-02-2023,7.29,7.47,7.65,7.83,8.42,8.87,9.66,10.26,10.81,11.32,11.58,11.86
20-02-2023,7.32,7.50,7.68,7.85,8.47,8.95,9.76,10.34,10.87,11.32,11.55,11.81
21-02-2023,7.39,7.54,7.70,7.85,8.42,8.91,9.74,10.34,10.87,11.32,11.56,11.82
22-02-2023,7.29,7.47,7.65,7.81,8.41,8.91,9.72,10.30,10.83,11.30,11.55,11.81
24-02-2023,7.01,7.22,7.43,7.62,8.29,8.81,9.67,10.27,10.80,11.25,11.48,11.73
27-02-2023,7.28,7.45,7.61,7.77,8.32,8.81,9.63,10.22,10.78,11.26,11.50,11.76
28-02-2023,7.28,7.43,7.58,7.73,8.31,8.82,9.67,10.29,10.87,11.33,11.55,11.79
01-03-2023,7.12,7.32,7.50,7.68,8.28,8.80,9.65,10.25,10.82,11.31,11.57,11.84
02-03-2023,7.31,7.44,7.58,7.72,8.28,8.78,9.64,10.27,10.86,11.33,11.57,11.83
03-03-2023,7.14,7.28,7.43,7.59,8.19,8.74,9.64,10.27,10.84,11.29,11.51,11.76
06-03-2023,7.16,7.32,7.47,7.63,8.22,8.75,9.62,10.24,10.80,11.23,11.45,11.69
07-03-2023,7.23,7.36,7.50,7.64,8.21,8.74,9.62,10.23,10.78,11.22,11.43,11.67
09-03-2023,7.25,7.37,7.51,7.65,8.21,8.74,9.61,10.22,10.77,11.19,11.41,11.64
10-03-2023,7.37,7.46,7.56,7.68,8.19,8.70,9.58,10.21,10.78,11.22,11.45,11.69
13-03-2023,7.48,7.56,7.66,7.77,8.25,8.74,9.60,10.23,10.78,11.22,11.45,11.69
14-03-2023,7.56,7.63,7.71,7.81,8.27,8.74,9.60,10.24,10.81,11.24,11.46,11.70
15-03-2023,7.45,7.52,7.62,7.73,8.26,8.78,9.68,10.30,10.84,11.26,11.46,11.69
16-03-2023,7.51,7.57,7.66,7.76,8.27,8.79,9.69,10.31,10.85,11.25,11.46,11.69
17-03-2023,7.51,7.56,7.65,7.76,8.32,8.88,9.79,10.37,10.84,11.17,11.34,11.53
20-03-2023,7.74,7.75,7.81,7.90,8.37,8.89,9.77,10.37,10.87,11.24,11.41,11.60
21-03-2023,7.78,7.77,7.81,7.89,8.36,8.88,9.77,10.35,10.82,11.17,11.34,11.53
22-03-2023,7.82,7.81,7.84,7.91,8.36,8.87,9.74,10.33,10.81,11.17,11.34,11.53
23-03-2023,7.80,7.80,7.84,7.92,8.37,8.85,9.71,10.29,10.79,11.15,11.33,11.53
24-03-2023,7.79,7.81,7.85,7.93,8.37,8.84,9.69,10.27,10.77,11.14,11.33,11.53
27-03-2023,7.78,7.79,7.83,7.90,8.33,8.81,9.67,10.28,10.78,11.16,11.34,11.55
28-03-2023,7.79,7.78,7.81,7.87,8.27,8.75,9.64,10.26,10.80,11.20,11.40,11.62
29-03-2023,7.74,7.75,7.79,7.86,8.27,8.76,9.64,10.27,10.81,11.23,11.43,11.65
30-03-2023,7.74,7.72,7.75,7.81,8.24,8.74,9.65,10.28,10.81,11.21,11.40,11.63
31-03-2023,7.77,7.75,7.77,7.83,8.25,8.75,9.66,10.29,10.83,11.24,11.44,11.66
03-04-2023,7.63,7.63,7.67,7.75,8.23,8.78,9.70,10.31,10.82,11.21,11.40,11.61
04-04-2023,7.62,7.65,7.71,7.80,8.29,8.83,9.74,10.35,10.84,11.22,11.40,11.62
05-04-2023,7.41,7.50,7.62,7.74,8.29,8.83,9.73,10.36,10.88,11.27,11.46,11.68
06-04-2023,7.37,7.47,7.59,7.72,8.29,8.85,9.77,10.39,10.92,11.32,11.52,11.74
07-04-2023,7.36,7.47,7.59,7.73,8.30,8.85,9.76,10.39,10.93,11.35,11.56,11.80
10-04-2023,7.33,7.42,7.54,7.68,8.27,8.82,9.75,10.37,10.91,11.34,11.55,11.79
11-04-2023,7.14,7.25,7.38,7.52,8.16,8.77,9.77,10.42,10.95,11.32,11.51,11.72
12-04-2023,7.18,7.26,7.38,7.51,8.14,8.77,9.78,10.44,10.98,11.37,11.56,11.79
13-04-2023,7.17,7.24,7.35,7.48,8.10,8.73,9.76,10.43,10.99,11.40,11.60,11.83
14-04-2023,7.22,7.28,7.37,7.49,8.10,8.72,9.75,10.43,10.99,11.41,11.62,11.86
17-04-2023,7.18,7.23,7.32,7.44,8.07,8.72,9.77,10.45,10.99,11.40,11.60,11.83
18-04-2023,7.19,7.22,7.29,7.41,8.01,8.66,9.74,10.43,10.99,11.42,11.64,11.88
19-04-2023,7.21,7.24,7.32,7.43,8.02,8.67,9.74,10.44,11.02,11.46,11.68,11.93
20-04-2023,7.20,7.19,7.25,7.34,7.96,8.63,9.74,10.43,11.00,11.41,11.61,11.84
21-04-2023,7.28,7.23,7.26,7.34,7.94,8.63,9.75,10.44,10.98,11.37,11.57,11.79
24-04-2023,7.25,7.25,7.31,7.41,8.01,8.66,9.73,10.42,10.97,11.37,11.57,11.79
25-04-2023,7.20,7.20,7.26,7.36,7.96,8.60,9.69,10.40,11.00,11.44,11.64,11.88
26-04-2023,7.29,7.31,7.37,7.46,8.00,8.60,9.66,10.39,11.01,11.48,11.71,11.97
27-04-2023,7.18,7.19,7.25,7.35,7.92,8.56,9.65,10.38,10.99,11.44,11.65,11.90
28-04-2023,7.23,7.26,7.33,7.44,7.98,8.58,9.61,10.33,10.93,11.37,11.59,11.85
02-05-2023,7.32,7.33,7.38,7.46,7.96,8.53,9.56,10.28,10.91,11.39,11.63,11.89
03-05-2023,7.39,7.39,7.43,7.50,7.97,8.51,9.54,10.27,10.92,11.42,11.68,11.96
04-05-2023,7.39,7.39,7.43,7.50,7.97,8.52,9.55,10.28,10.92,11.42,11.67,11.94
05-05-2023,7.26,7.26,7.31,7.40,7.93,8.51,9.55,10.27,10.89,11.37,11.61,11.87
08-05-2023,7.51,7.46,7.48,7.53,7.97,8.53,9.57,10.30,10.91,11.37,11.59,11.85
10-05-2023,7.59,7.54,7.55,7.59,8.00,8.53,9.55,10.27,10.89,11.37,11.61,11.87
11-05-2023,7.47,7.45,7.47,7.54,7.99,8.55,9.58,10.29,10.89,11.36,11.59,11.87
12-05-2023,7.54,7.52,7.55,7.62,8.07,8.59,9.58,10.28,10.89,11.37,11.61,11.88
15-05-2023,7.64,7.58,7.57,7.61,8.04,8.59,9.61,10.30,10.88,11.30,11.50,11.75
16-05-2023,7.63,7.59,7.60,7.65,8.06,8.58,9.58,10.29,10.89,11.35,11.58,11.83
17-05-2023,7.67,7.64,7.66,7.72,8.12,8.62,9.58,10.27,10.87,11.35,11.58,11.84
18-05-2023,7.65,7.61,7.62,7.67,8.07,8.59,9.58,10.28,10.89,11.36,11.59,11.85
19-05-2023,7.61,7.57,7.58,7.63,8.05,8.58,9.57,10.27,10.86,11.32,11.55,11.81
22-05-2023,7.53,7.49,7.51,7.57,8.03,8.59,9.59,10.28,10.87,11.32,11.55,11.79
23-05-2023,7.65,7.59,7.59,7.64,8.06,8.61,9.63,10.32,10.88,11.33,11.57,11.82
24-05-2023,7.70,7.65,7.66,7.71,8.12,8.63,9.60,10.28,10.87,11.33,11.56,11.81
25-05-2023,7.55,7.54,7.57,7.64,8.09,8.62,9.59,10.27,10.86,11.31,11.54,11.78
26-05-2023,7.53,7.54,7.60,7.68,8.14,8.65,9.60,10.27,10.85,11.30,11.52,11.77
29-05-2023,7.69,7.69,7.74,7.80,8.21,8.69,9.60,10.27,10.87,11.35,11.59,11.86
30-05-2023,7.63,7.63,7.67,7.74,8.16,8.66,9.60,10.28,10.88,11.37,11.61,11.88
31-05-2023,7.62,7.63,7.67,7.74,8.17,8.67,9.61,10.29,10.88,11.36,11.60,11.86
01-06-2023,7.67,7.67,7.71,7.78,8.20,8.69,9.62,10.30,10.89,11.36,11.60,11.86
02-06-2023,7.68,7.69,7.73,7.80,8.22,8.70,9.62,10.30,10.90,11.38,11.62,11.88
05-06-2023,7.68,7.69,7.73,7.81,8.23,8.72,9.64,10.32,10.92,11.40,11.64,11.90
06-06-2023,7.62,7.65,7.71,7.79,8.23,8.72,9.64,10.32,10.91,11.40,11.66,11.93
07-06-2023,7.60,7.63,7.69,7.78,8.22,8.70,9.63,10.31,10.91,11.40,11.66,11.93
08-06-2023,7.63,7.66,7.72,7.80,8.22,8.70,9.63,10.31,10.92,11.42,11.68,11.97
09-06-2023,7.48,7.56,7.67,7.78,8.28,8.75,9.64,10.32,10.93,11.45,11.72,12.00
13-06-2023,7.50,7.61,7.72,7.84,8.32,8.77,9.65,10.33,10.96,11.47,11.74,12.03
14-06-2023,7.37,7.53,7.70,7.86,8.40,8.84,9.68,10.34,10.97,11.52,11.80,12.11
15-06-2023,7.28,7.45,7.62,7.78,8.34,8.81,9.68,10.35,10.97,11.51,11.79,12.10
16-06-2023,7.25,7.44,7.63,7.80,8.38,8.83,9.70,10.37,10.98,11.51,11.80,12.11
19-06-2023,7.38,7.54,7.69,7.85,8.39,8.85,9.71,10.37,10.98,11.51,11.79,12.10
20-06-2023,7.42,7.57,7.72,7.87,8.42,8.90,9.80,10.45,11.02,11.50,11.75,12.03
21-06-2023,7.50,7.64,7.78,7.92,8.46,8.92,9.77,10.42,11.02,11.53,11.80,12.09
22-06-2023,7.44,7.59,7.74,7.89,8.45,8.93,9.80,10.43,11.01,11.50,11.75,12.02
23-06-2023,7.49,7.63,7.77,7.91,8.46,8.95,9.84,10.49,11.05,11.54,11.79,12.05
26-06-2023,7.55,7.67,7.80,7.93,8.46,8.95,9.85,10.50,11.06,11.54,11.78,12.05
27-06-2023,7.30,7.48,7.66,7.83,8.47,8.99,9.87,10.49,11.05,11.51,11.74,11.99
28-06-2023,7.49,7.63,7.78,7.93,8.48,8.96,9.84,10.49,11.06,11.56,11.81,12.08
29-06-2023,7.52,7.67,7.82,7.97,8.52,9.00,9.85,10.48,11.04,11.52,11.77,12.04
30-06-2023,7.51,7.67,7.82,7.98,8.56,9.06,9.94,10.56,11.09,11.55,11.79,12.04
03-07-2023,7.55,7.72,7.89,8.04,8.60,9.08,9.93,10.55,11.08,11.54,11.77,12.03
04-07-2023,7.42,7.60,7.78,7.95,8.58,9.11,9.98,10.58,11.11,11.58,11.83,12.09
05-07-2023,7.37,7.57,7.76,7.94,8.58,9.09,9.96,10.58,11.13,11.59,11.84,12.10
06-07-2023,7.39,7.58,7.76,7.94,8.58,9.10,10.00,10.64,11.17,11.62,11.85,12.11
07-07-2023,7.35,7.55,7.75,7.94,8.60,9.14,10.03,10.65,11.19,11.64,11.87,12.12
10-07-2023,7.46,7.64,7.82,8.00,8.65,9.21,10.11,10.69,11.18,11.59,11.81,12.05
11-07-2023,7.44,7.64,7.84,8.02,8.71,9.27,10.13,10.70,11.20,11.61,11.82,12.04
12-07-2023,7.52,7.72,7.91,8.09,8.73,9.25,10.13,10.73,11.23,11.65,11.88,12.12
13-07-2023,7.40,7.63,7.84,8.05,8.73,9.29,10.15,10.72,11.20,11.62,11.84,12.06
14-07-2023,7.39,7.65,7.89,8.10,8.82,9.38,10.20,10.73,11.21,11.59,11.79,11.99
17-07-2023,7.28,7.63,7.94,8.21,9.01,9.58,10.35,10.83,11.22,11.52,11.66,11.79
18-07-2023,7.28,7.61,7.92,8.19,9.04,9.64,10.39,10.84,11.23,11.53,11.67,11.81
19-07-2023,7.15,7.60,7.98,8.30,9.18,9.73,10.44,10.86,11.18,11.42,11.52,11.62
20-07-2023,7.16,7.60,7.97,8.28,9.11,9.65,10.39,10.85,11.22,11.48,11.60,11.71
21-07-2023,7.45,7.80,8.11,8.38,9.21,9.76,10.46,10.86,11.21,11.48,11.61,11.73
24-07-2023,7.57,7.89,8.17,8.41,9.16,9.68,10.41,10.85,11.21,11.49,11.63,11.78
25-07-2023,7.66,7.93,8.17,8.40,9.12,9.64,10.37,10.82,11.20,11.51,11.67,11.83
26-07-2023,7.65,7.90,8.14,8.36,9.08,9.62,10.37,10.83,11.21,11.53,11.70,11.88
27-07-2023,7.71,7.99,8.25,8.47,9.13,9.62,10.33,10.80,11.20,11.51,11.66,11.82
28-07-2023,7.76,8.09,8.37,8.60,9.24,9.71,10.39,10.83,11.20,11.49,11.62,11.77
31-07-2023,7.82,8.20,8.52,8.77,9.40,9.81,10.44,10.86,11.17,11.38,11.47,11.55
01-08-2023,7.86,8.22,8.52,8.77,9.41,9.83,10.45,10.86,11.21,11.46,11.57,11.68
02-08-2023,7.68,8.07,8.40,8.67,9.37,9.83,10.48,10.89,11.21,11.43,11.51,11.58
03-08-2023,7.76,8.23,8.61,8.91,9.59,9.98,10.53,10.90,11.17,11.32,11.36,11.40
04-08-2023,7.83,8.29,8.66,8.96,9.66,10.06,10.58,10.91,11.16,11.30,11.33,11.36
07-08-2023,7.80,8.29,8.68,8.98,9.66,10.02,10.56,10.93,11.20,11.34,11.36,11.37
08-08-2023,7.81,8.35,8.78,9.10,9.79,10.13,10.62,10.97,11.22,11.34,11.35,11.36
09-08-2023,7.88,8.41,8.83,9.16,9.94,10.32,10.77,11.04,11.25,11.37,11.41,11.44
10-08-2023,7.83,8.44,8.90,9.26,10.06,10.42,10.84,11.10,11.29,11.39,11.42,11.44
11-08-2023,7.92,8.54,9.01,9.36,10.10,10.44,10.85,11.11,11.30,11.39,11.40,11.41
14-08-2023,8.39,9.18,9.68,10.01,10.56,10.77,11.05,11.24,11.36,11.41,11.40,11.40
15-08-2023,10.69,10.72,10.75,10.77,10.84,10.94,11.14,11.28,11.36,11.40,11.42,11.45
16-08-2023,10.53,10.56,10.60,10.63,10.76,10.89,11.10,11.24,11.36,11.41,11.44,11.49
17-08-2023,10.17,10.21,10.25,10.29,10.48,10.67,10.96,11.14,11.27,11.36,11.41,11.46
18-08-2023,10.80,10.53,10.39,10.32,10.41,10.62,10.96,11.13,11.23,11.29,11.32,11.38
21-08-2023,10.53,10.30,10.19,10.16,10.34,10.61,10.97,11.15,11.27,11.35,11.40,11.46
22-08-2023,10.56,10.37,10.27,10.23,10.37,10.61,10.97,11.17,11.32,11.41,11.46,11.52
23-08-2023,10.53,10.36,10.28,10.25,10.40,10.62,10.98,11.19,11.35,11.44,11.48,11.54
24-08-2023,10.57,10.43,10.37,10.38,10.58,10.79,11.08,11.25,11.37,11.43,11.46,11.49
25-08-2023,10.55,10.45,10.42,10.43,10.63,10.81,11.08,11.25,11.37,11.45,11.49,11.52
28-08-2023,10.46,10.41,10.42,10.44,10.65,10.85,11.15,11.30,11.39,11.44,11.48,11.51
29-08-2023,10.30,10.36,10.44,10.50,10.70,10.85,11.12,11.30,11.41,11.47,11.51,11.56
30-08-2023,10.08,10.26,10.41,10.52,10.76,10.90,11.14,11.31,11.42,11.47,11.49,11.50
31-08-2023,10.31,10.38,10.45,10.51,10.71,10.86,11.14,11.34,11.47,11.56,11.61,11.68
01-09-2023,10.40,10.48,10.55,10.62,10.82,10.99,11.25,11.40,11.47,11.52,11.55,11.61
04-09-2023,10.56,10.63,10.69,10.73,10.87,11.00,11.25,11.41,11.50,11.55,11.58,11.63
05-09-2023,10.65,10.84,10.97,11.06,11.19,11.22,11.31,11.38,11.41,11.42,11.41,11.40
06-09-2023,11.01,11.37,11.53,11.58,11.60,11.59,11.58,11.57,11.54,11.52,11.52,11.53
07-09-2023,11.53,11.82,11.91,11.92,11.83,11.77,11.72,11.69,11.67,11.67,11.68,11.68
08-09-2023,11.87,11.96,12.04,12.09,12.18,12.17,12.05,11.94,11.81,11.70,11.65,11.61
11-09-2023,11.87,11.95,12.01,12.06,12.11,12.08,11.96,11.86,11.75,11.67,11.64,11.60
12-09-2023,11.81,11.81,11.80,11.80,11.77,11.77,11.78,11.76,11.69,11.60,11.55,11.49
13-09-2023,11.90,11.88,11.87,11.86,11.82,11.79,11.76,11.73,11.65,11.58,11.55,11.54
14-09-2023,12.04,12.02,12.00,11.99,11.95,11.91,11.83,11.75,11.66,11.60,11.57,11.54
15-09-2023,12.27,12.24,12.21,12.18,12.08,11.99,11.85,11.75,11.64,11.57,11.54,11.50
18-09-2023,12.17,12.17,12.16,12.13,11.99,11.87,11.74,11.67,11.61,11.55,11.52,11.48
19-09-2023,12.19,12.16,12.13,12.11,12.01,11.94,11.82,11.75,11.69,11.64,11.62,11.60
20-09-2023,12.14,12.12,12.11,12.09,12.03,11.98,11.88,11.80,11.73,11.68,11.65,11.62
21-09-2023,12.19,12.21,12.20,12.19,12.08,11.97,11.84,11.78,11.72,11.67,11.64,11.62
22-09-2023,12.37,12.35,12.32,12.29,12.15,12.03,11.89,11.81,11.73,11.66,11.63,11.60
25-09-2023,12.26,12.26,12.25,12.24,12.15,12.06,11.94,11.86,11.76,11.65,11.59,11.54
26-09-2023,12.50,12.50,12.47,12.42,12.19,12.04,11.93,11.88,11.82,11.75,11.73,11.72
27-09-2023,12.26,12.40,12.44,12.42,12.22,12.07,11.96,11.90,11.83,11.76,11.72,11.70
28-09-2023,12.39,12.50,12.54,12.54,12.40,12.26,12.09,12.00,11.91,11.83,11.80,11.77
29-09-2023,12.38,12.53,12.58,12.57,12.39,12.24,12.08,12.00,11.93,11.90,11.89,11.88
02-10-2023,12.35,12.49,12.57,12.60,12.55,12.41,12.20,12.08,11.97,11.89,11.86,11.83
03-10-2023,12.37,12.46,12.52,12.56,12.55,12.45,12.25,12.11,11.97,11.86,11.81,11.77
04-10-2023,12.58,12.62,12.64,12.65,12.61,12.54,12.39,12.25,12.05,11.84,11.75,11.68
05-10-2023,12.16,12.40,12.56,12.66,12.72,12.60,12.34,12.17,12.01,11.88,11.82,11.77
06-10-2023,11.90,12.29,12.54,12.68,12.73,12.58,12.35,12.21,12.05,11.88,11.82,11.80
09-10-2023,11.77,12.26,12.55,12.71,12.77,12.60,12.34,12.21,12.09,12.01,11.99,11.96
10-10-2023,11.70,12.16,12.45,12.62,12.73,12.60,12.41,12.29,12.15,12.01,11.95,11.93
11-10-2023,11.55,12.17,12.46,12.59,12.54,12.41,12.26,12.18,12.12,12.11,12.11,12.10
12-10-2023,11.65,12.28,12.51,12.57,12.44,12.32,12.18,12.10,12.03,12.02,12.04,12.05
13-10-2023,11.60,12.22,12.45,12.51,12.39,12.27,12.15,12.08,12.04,12.05,12.06,12.04
16-10-2023,11.66,12.02,12.22,12.32,12.35,12.28,12.18,12.12,12.08,12.06,12.05,12.03
17-10-2023,12.01,12.06,12.11,12.16,12.29,12.33,12.32,12.28,12.22,12.16,12.13,12.10
18-10-2023,11.77,11.91,12.04,12.15,12.43,12.46,12.40,12.35,12.31,12.27,12.25,12.23
19-10-2023,11.99,12.08,12.15,12.22,12.38,12.44,12.43,12.38,12.31,12.25,12.23,12.20
20-10-2023,11.89,12.02,12.12,12.21,12.42,12.48,12.46,12.40,12.32,12.25,12.21,12.18
23-10-2023,12.11,12.24,12.32,12.37,12.43,12.41,12.33,12.26,12.20,12.13,12.09,12.04
24-10-2023,12.35,12.37,12.39,12.42,12.48,12.44,12.37,12.32,12.27,12.21,12.17,12.13
25-10-2023,12.52,12.49,12.46,12.44,12.41,12.39,12.36,12.32,12.27,12.22,12.19,12.16
26-10-2023,12.46,12.44,12.43,12.43,12.45,12.43,12.38,12.35,12.33,12.32,12.31,12.31
27-10-2023,13.40,13.38,13.35,13.30,13.04,12.75,12.43,12.30,12.19,12.10,12.04,11.98
30-10-2023,13.42,13.37,13.33,13.29,13.05,12.75,12.48,12.44,12.44,12.44,12.44,12.43
31-10-2023,13.13,13.06,13.00,12.95,12.78,12.61,12.48,12.48,12.50,12.55,12.60,12.66
01-11-2023,13.05,12.99,12.95,12.91,12.72,12.46,12.22,12.19,12.23,12.32,12.40,12.50
02-11-2023,13.02,12.93,12.84,12.75,12.43,12.25,12.10,12.07,12.09,12.18,12.25,12.33
03-11-2023,13.10,12.85,12.65,12.49,12.10,11.94,11.90,11.95,12.03,12.12,12.19,12.25
06-11-2023,13.12,12.64,12.34,12.14,11.87,11.86,11.92,11.96,12.00,12.04,12.06,12.09
07-11-2023,12.95,12.77,12.63,12.51,12.22,12.01,11.90,11.92,11.96,11.98,11.99,11.99
08-11-2023,13.11,12.75,12.49,12.30,11.94,11.87,11.90,11.94,11.97,11.98,11.98,11.98
09-11-2023,12.76,12.52,12.32,12.15,11.72,11.58,11.58,11.66,11.77,11.86,11.90,11.93
10-11-2023,12.66,12.38,12.16,11.99,11.64,11.52,11.58,11.70,11.82,11.92,11.98,12.04
13-11-2023,12.76,12.36,12.09,11.93,11.73,11.66,11.75,11.87,11.95,12.01,12.04,12.06
14-11-2023,12.96,12.56,12.29,12.12,11.88,11.80,11.84,11.91,11.98,12.02,12.03,12.03
15-11-2023,12.71,12.41,12.18,12.03,11.79,11.75,11.81,11.88,11.94,11.99,12.03,12.06
16-11-2023,12.46,12.28,12.14,12.05,11.87,11.77,11.76,11.82,11.89,11.96,11.99,12.02
17-11-2023,12.77,12.27,12.02,11.90,11.80,11.76,11.75,11.78,11.80,11.80,11.79,11.76
20-11-2023,12.46,12.08,11.94,11.90,11.87,11.75,11.68,11.73,11.78,11.80,11.79,11.77
21-11-2023,12.45,12.02,11.84,11.76,11.67,11.63,11.67,11.75,11.82,11.85,11.83,11.80
22-11-2023,12.46,11.94,11.72,11.64,11.57,11.53,11.57,11.65,11.72,11.75,11.73,11.71
23-11-2023,12.55,11.94,11.64,11.51,11.47,11.52,11.61,11.67,11.72,11.75,11.75,11.74
24-11-2023,13.50,12.26,11.74,11.54,11.51,11.57,11.64,11.69,11.72,11.74,11.75,11.74
27-11-2023,13.29,12.15,11.71,11.55,11.52,11.54,11.61,11.68,11.74,11.78,11.78,11.77
28-11-2023,13.15,12.13,11.74,11.60,11.57,11.54,11.57,11.65,11.73,11.77,11.77,11.77
29-11-2023,13.30,12.05,11.58,11.43,11.49,11.53,11.59,11.65,11.71,11.74,11.75,11.75
30-11-2023,13.51,12.17,11.66,11.50,11.56,11.60,11.64,11.69,11.74,11.77,11.78,11.78
01-12-2023,14.18,13.06,12.61,12.42,12.13,11.85,11.70,11.78,11.88,11.92,11.92,11.90
04-12-2023,14.22,13.26,12.78,12.53,12.17,11.98,11.87,11.87,11.90,11.89,11.88,11.85
05-12-2023,14.65,13.31,12.73,12.46,12.20,12.06,11.95,11.97,12.00,12.01,12.00,11.99
06-12-2023,14.24,13.02,12.51,12.32,12.18,12.06,11.99,12.02,12.07,12.09,12.08,12.07
07-12-2023,14.38,13.11,12.57,12.36,12.24,12.13,12.06,12.10,12.15,12.19,12.21,12.23
08-12-2023,14.64,13.17,12.56,12.33,12.27,12.21,12.15,12.17,12.21,12.25,12.27,12.28
11-12-2023,14.48,13.07,12.48,12.27,12.20,12.18,12.18,12.22,12.27,12.31,12.32,12.34
12-12-2023,14.31,13.27,12.78,12.55,12.39,12.34,12.30,12.31,12.33,12.35,12.37,12.38
13-12-2023,14.52,13.32,12.79,12.57,12.46,12.43,12.41,12.43,12.45,12.47,12.48,12.49
14-12-2023,14.69,13.44,12.89,12.66,12.52,12.49,12.48,12.49,12.52,12.55,12.56,12.57
15-12-2023,14.39,13.33,12.79,12.53,12.34,12.35,12.36,12.37,12.38,12.39,12.40,12.40
18-12-2023,14.15,13.35,12.83,12.51,12.07,11.99,11.98,11.99,11.97,11.93,11.90,11.86
19-12-2023,14.05,13.52,13.13,12.87,12.39,12.09,11.89,11.88,11.90,11.91,11.91,11.89
20-12-2023,14.53,13.40,12.72,12.32,11.84,11.79,11.81,11.83,11.85,11.87,11.87,11.87
21-12-2023,14.43,13.37,12.67,12.23,11.63,11.62,11.77,11.86,11.93,12.00,12.03,12.07
22-12-2023,13.85,12.82,12.35,12.15,11.97,11.91,11.88,11.89,11.90,11.91,11.92,11.93
25-12-2023,13.78,13.00,12.53,12.25,11.91,11.86,11.86,11.86,11.87,11.88,11.89,11.90
26-12-2023,13.33,12.74,12.42,12.25,12.10,12.03,11.98,11.97,11.98,11.98,11.99,12.00
27-12-2023,13.22,12.60,12.28,12.13,12.05,12.03,12.01,12.02,12.03,12.05,12.05,12.05
28-12-2023,12.78,12.72,12.65,12.59,12.40,12.15,11.90,11.84,11.80,11.74,11.68,11.62
29-12-2023,11.73,12.35,12.66,12.78,12.51,12.05,11.75,11.80,11.86,11.84,11.77,11.64
03-01-2024,12.89,12.95,12.95,12.90,12.55,12.16,11.82,11.76,11.74,11.70,11.64,11.56
04-01-2024,13.13,13.06,12.98,12.88,12.44,12.04,11.75,11.74,11.75,11.73,11.68,11.61
05-01-2024,13.27,13.12,12.99,12.87,12.45,12.07,11.77,11.72,11.71,11.66,11.62,11.55
08-01-2024,13.44,13.30,13.16,13.04,12.57,12.12,11.79,11.78,11.80,11.77,11.71,11.62
09-01-2024,14.35,13.51,13.06,12.81,12.39,12.16,11.99,11.97,11.98,11.97,11.95,11.93
10-01-2024,13.88,13.67,13.48,13.32,12.72,12.21,11.80,11.75,11.78,11.80,11.81,11.81
11-01-2024,13.65,13.49,13.35,13.23,12.77,12.30,11.88,11.83,11.89,12.04,12.16,12.29
12-01-2024,14.12,13.68,13.35,13.12,12.61,12.23,12.01,12.05,12.15,12.20,12.21,12.20
15-01-2024,13.76,13.61,13.47,13.35,12.86,12.37,11.90,11.81,11.86,12.05,12.21,12.41
16-01-2024,13.70,13.56,13.43,13.32,12.82,12.28,11.81,11.77,11.90,12.18,12.42,12.72
17-01-2024,13.68,13.55,13.44,13.34,12.83,12.23,11.71,11.69,11.89,12.34,12.73,13.26
18-01-2024,13.53,13.23,12.99,12.83,12.47,12.15,11.83,11.77,11.91,12.36,12.79,13.38
19-01-2024,13.47,13.30,13.17,13.07,12.69,12.24,11.73,11.58,11.60,11.92,12.30,12.92
22-01-2024,13.32,13.22,13.15,13.09,12.76,12.28,11.76,11.61,11.63,11.91,12.28,12.92
23-01-2024,13.30,13.23,13.17,13.12,12.79,12.28,11.75,11.60,11.62,11.89,12.26,12.93
24-01-2024,13.47,13.36,13.27,13.18,12.74,12.20,11.67,11.57,11.69,12.13,12.60,13.33
25-01-2024,13.38,13.30,13.23,13.16,12.76,12.21,11.65,11.54,11.62,12.00,12.45,13.22
26-01-2024,13.30,13.24,13.19,13.14,12.79,12.25,11.68,11.53,11.58,11.93,12.37,13.18
29-01-2024,13.47,13.37,13.29,13.23,12.89,12.40,11.84,11.65,11.67,12.00,12.47,13.32
30-01-2024,13.51,13.44,13.38,13.32,12.95,12.41,11.81,11.63,11.66,12.02,12.50,13.39
31-01-2024,13.46,13.39,13.32,13.26,12.87,12.34,11.77,11.60,11.64,12.03,12.54,13.51
01-02-2024,13.49,13.38,13.30,13.23,12.90,12.47,11.95,11.75,11.71,11.96,12.39,13.31
02-02-2024,13.52,13.43,13.36,13.30,12.97,12.49,11.94,11.75,11.74,12.04,12.52,13.48
05-02-2024,13.59,13.49,13.41,13.34,12.99,12.50,11.94,11.75,11.75,12.09,12.58,13.58
06-02-2024,13.57,13.51,13.45,13.39,13.01,12.48,11.90,11.74,11.78,12.18,12.73,13.79
07-02-2024,13.68,13.59,13.50,13.42,12.98,12.45,11.88,11.73,11.82,12.31,12.93,14.04
08-02-2024,13.79,13.68,13.59,13.49,13.02,12.49,11.94,11.80,11.90,12.42,13.07,14.22
09-02-2024,13.88,13.77,13.68,13.57,13.08,12.51,11.92,11.78,11.90,12.47,13.15,14.33
12-02-2024,13.99,13.87,13.75,13.63,13.07,12.49,11.89,11.77,11.94,12.58,13.32,14.53
13-02-2024,13.89,13.79,13.69,13.59,13.11,12.53,11.92,11.78,11.91,12.51,13.23,14.46
14-02-2024,14.13,13.99,13.85,13.70,13.05,12.45,11.92,11.84,11.99,12.57,13.28,14.50
15-02-2024,14.32,14.15,13.98,13.81,13.13,12.55,12.02,11.93,12.09,12.66,13.32,14.43
16-02-2024,14.26,14.04,13.85,13.69,13.15,12.66,12.14,12.03,12.17,12.76,13.43,14.55
19-02-2024,14.13,14.03,13.94,13.84,13.32,12.75,12.18,12.06,12.19,12.73,13.37,14.50
20-02-2024,14.39,14.23,14.07,13.89,13.21,12.65,12.14,12.06,12.20,12.73,13.37,14.46
21-02-2024,14.17,14.08,13.98,13.87,13.29,12.69,12.17,12.11,12.25,12.73,13.33,14.38
22-02-2024,14.31,14.20,14.09,13.98,13.42,12.83,12.22,12.08,12.20,12.73,13.36,14.40
26-02-2024,14.17,14.08,14.00,13.90,13.42,12.87,12.29,12.14,12.20,12.66,13.24,14.29
27-02-2024,14.34,14.22,14.10,13.97,13.38,12.84,12.29,12.16,12.25,12.74,13.34,14.40
28-02-2024,14.25,14.14,14.04,13.92,13.36,12.82,12.29,12.18,12.28,12.76,13.35,14.37
29-02-2024,13.59,13.60,13.60,13.58,13.28,12.82,12.38,12.28,12.31,12.56,12.96,13.84
01-03-2024,14.02,13.96,13.89,13.79,13.25,12.71,12.23,12.16,12.30,12.79,13.37,14.40
04-03-2024,14.38,14.22,14.06,13.90,13.30,12.88,12.50,12.41,12.47,12.84,13.34,14.28
05-03-2024,14.45,14.29,14.14,13.97,13.35,12.90,12.53,12.49,12.60,12.96,13.39,14.11
06-03-2024,14.38,14.24,14.10,13.96,13.41,12.99,12.63,12.57,12.66,13.00,13.34,13.86
07-03-2024,14.50,14.34,14.19,14.03,13.43,12.97,12.60,12.59,12.73,13.03,13.28,13.59
11-03-2024,14.48,14.32,14.18,14.02,13.41,12.96,12.61,12.60,12.72,13.01,13.25,13.55
12-03-2024,14.36,14.25,14.13,14.01,13.48,13.05,12.67,12.63,12.74,13.02,13.28,13.62
13-03-2024,14.43,14.34,14.25,14.13,13.59,13.15,12.76,12.69,12.76,13.07,13.38,13.81
14-03-2024,14.54,14.48,14.40,14.28,13.68,13.19,12.80,12.76,12.86,13.19,13.50,13.93
15-03-2024,14.88,14.77,14.64,14.49,13.82,13.30,12.87,12.82,12.95,13.34,13.70,14.19
18-03-2024,14.98,14.87,14.74,14.58,13.87,13.33,12.88,12.83,12.98,13.46,13.91,14.52
19-03-2024,15.07,14.92,14.77,14.59,13.84,13.29,12.86,12.86,13.10,13.65,14.14,14.76
20-03-2024,15.26,15.08,14.90,14.69,13.87,13.31,12.90,12.92,13.17,13.74,14.22,14.83
21-03-2024,15.22,15.08,14.93,14.75,13.97,13.40,12.93,12.89,13.06,13.57,14.04,14.69
22-03-2024,15.29,15.10,14.90,14.68,13.81,13.23,12.83,12.88,13.17,13.76,14.25,14.87
25-03-2024,15.15,14.96,14.78,14.58,13.81,13.29,12.90,12.92,13.18,13.74,14.20,14.78
26-03-2024,15.06,14.84,14.63,14.42,13.73,13.31,13.06,13.14,13.38,13.79,14.09,14.45
27-03-2024,15.07,14.83,14.60,14.37,13.60,13.15,12.87,12.95,13.19,13.56,13.83,14.16
28-03-2024,14.98,14.77,14.57,14.37,13.64,13.18,12.88,12.94,13.16,13.55,13.84,14.17
29-03-2024,15.12,14.87,14.63,14.40,13.65,13.19,12.91,13.00,13.26,13.68,13.97,14.29
01-04-2024,15.09,14.86,14.64,14.41,13.66,13.21,12.96,13.07,13.36,13.82,14.14,14.51
02-04-2024,14.96,14.79,14.63,14.45,13.78,13.32,13.01,13.05,13.26,13.69,14.01,14.40
03-04-2024,14.89,14.74,14.60,14.44,13.81,13.35,13.04,13.08,13.30,13.74,14.09,14.52
04-04-2024,14.78,14.64,14.50,14.35,13.77,13.36,13.06,13.11,13.35,13.83,14.21,14.68
05-04-2024,14.79,14.66,14.52,14.37,13.80,13.41,13.16,13.23,13.48,13.94,14.31,14.76
08-04-2024,14.73,14.63,14.53,14.40,13.86,13.46,13.19,13.24,13.45,13.91,14.31,14.82
09-04-2024,14.82,14.71,14.59,14.45,13.89,13.48,13.20,13.25,13.47,13.95,14.35,14.86
10-04-2024,14.70,14.60,14.50,14.37,13.85,13.49,13.24,13.29,13.50,13.95,14.34,14.85
11-04-2024,14.92,14.79,14.66,14.51,13.93,13.55,13.31,13.37,13.59,14.06,14.46,14.97
12-04-2024,14.93,14.76,14.61,14.47,13.98,13.63,13.35,13.36,13.56,14.04,14.46,15.02
15-04-2024,14.99,14.81,14.63,14.47,13.90,13.53,13.28,13.34,13.59,14.06,14.44,14.92
16-04-2024,14.81,14.59,14.43,14.32,14.02,13.70,13.40,13.40,13.60,14.07,14.48,15.01
17-04-2024,14.87,14.63,14.44,14.32,14.01,13.68,13.38,13.37,13.51,13.86,14.17,14.57
18-04-2024,15.22,14.87,14.58,14.35,13.81,13.50,13.31,13.40,13.65,14.00,14.24,14.50
19-04-2024,15.26,14.90,14.61,14.39,13.84,13.47,13.22,13.26,13.41,13.63,13.77,13.94
22-04-2024,15.00,14.88,14.76,14.61,13.99,13.57,13.26,13.26,13.38,13.58,13.73,13.93
23-04-2024,15.11,14.89,14.69,14.52,13.97,13.62,13.34,13.32,13.43,13.64,13.79,13.96
24-04-2024,15.05,14.83,14.64,14.48,14.01,13.66,13.37,13.34,13.42,13.63,13.80,14.00
25-04-2024,15.02,14.87,14.73,14.58,14.01,13.65,13.38,13.37,13.44,13.61,13.72,13.84
26-04-2024,14.95,14.85,14.75,14.63,14.15,13.79,13.51,13.51,13.61,13.81,13.95,14.12
27-04-2024,14.80,14.75,14.70,14.62,14.22,13.83,13.53,13.52,13.61,13.81,13.97,14.20
29-04-2024,14.48,14.47,14.45,14.41,14.15,13.88,13.61,13.54,13.54,13.66,13.80,14.03
30-04-2024,14.65,14.61,14.57,14.51,14.20,13.89,13.61,13.56,13.59,13.75,13.91,14.12
02-05-2024,15.12,15.04,14.96,14.86,14.40,14.02,13.67,13.59,13.61,13.78,13.95,14.19
03-05-2024,15.12,15.06,15.00,14.90,14.46,14.07,13.69,13.59,13.61,13.79,13.98,14.28
06-05-2024,15.24,15.18,15.11,15.00,14.45,14.02,13.66,13.61,13.67,13.90,14.12,14.43
07-05-2024,15.10,15.05,14.99,14.89,14.41,14.03,13.70,13.64,13.69,13.92,14.16,14.48
08-05-2024,15.04,15.01,14.95,14.86,14.37,14.00,13.72,13.69,13.73,13.91,14.12,14.44
10-05-2024,15.30,15.20,15.09,14.96,14.42,14.02,13.69,13.63,13.69,13.92,14.14,14.47
13-05-2024,15.21,15.17,15.13,15.04,14.60,14.20,13.85,13.78,13.80,14.01,14.24,14.59
14-05-2024,14.99,15.02,15.01,14.96,14.60,14.32,14.08,14.02,14.01,14.15,14.36,14.72
15-05-2024,15.02,15.01,14.98,14.92,14.60,14.37,14.12,14.01,13.94,13.98,14.10,14.40
16-05-2024,14.92,14.88,14.84,14.79,14.63,14.48,14.26,14.13,14.02,13.96,14.02,14.25
17-05-2024,14.83,14.81,14.79,14.77,14.63,14.49,14.27,14.14,14.01,13.93,13.96,14.13
20-05-2024,14.83,14.85,14.85,14.85,14.73,14.58,14.35,14.21,14.08,14.00,14.02,14.18
21-05-2024,14.87,14.92,14.96,14.97,14.90,14.73,14.47,14.30,14.16,14.08,14.09,14.24
22-05-2024,15.03,15.06,15.07,15.07,14.96,14.80,14.53,14.35,14.20,14.06,14.01,14.03
23-05-2024,14.97,15.08,15.18,15.23,15.18,15.00,14.71,14.53,14.37,14.23,14.17,14.19
24-05-2024,14.98,15.10,15.22,15.31,15.39,15.22,14.88,14.67,14.50,14.34,14.26,14.24
27-05-2024,15.21,15.39,15.55,15.64,15.62,15.36,14.98,14.79,14.65,14.49,14.39,14.30
28-05-2024,15.17,15.34,15.48,15.56,15.53,15.32,14.99,14.78,14.59,14.40,14.27,14.15
29-05-2024,15.31,15.54,15.74,15.84,15.80,15.54,15.13,14.90,14.73,14.56,14.45,14.33
30-05-2024,15.08,15.36,15.60,15.74,15.80,15.52,15.09,14.89,14.75,14.64,14.57,14.50
31-05-2024,15.13,15.37,15.59,15.73,15.81,15.59,15.23,15.06,14.96,14.85,14.78,14.71
03-06-2024,15.10,15.38,15.63,15.79,15.89,15.69,15.35,15.14,14.96,14.80,14.71,14.60
04-06-2024,15.25,15.47,15.66,15.77,15.78,15.50,15.08,14.85,14.67,14.45,14.28,14.04
05-06-2024,14.88,15.37,15.64,15.77,15.70,15.41,15.00,14.79,14.62,14.46,14.37,14.30
06-06-2024,14.99,15.48,15.75,15.89,15.79,15.47,15.02,14.79,14.61,14.45,14.37,14.30
07-06-2024,14.96,15.36,15.61,15.75,15.78,15.52,15.05,14.78,14.57,14.39,14.30,14.20
10-06-2024,15.02,15.40,15.64,15.79,15.86,15.66,15.28,15.06,14.89,14.73,14.65,14.58
11-06-2024,14.78,15.17,15.44,15.62,15.82,15.69,15.34,15.09,14.89,14.70,14.60,14.52
13-06-2024,14.99,15.39,15.66,15.82,15.94,15.75,15.38,15.17,14.99,14.83,14.74,14.66
14-06-2024,15.14,15.53,15.77,15.92,15.95,15.73,15.34,15.13,14.97,14.84,14.78,14.74
17-06-2024,15.24,15.73,16.05,16.23,16.33,16.09,15.64,15.39,15.18,14.99,14.88,14.80
18-06-2024,15.36,15.90,16.24,16.42,16.48,16.20,15.73,15.48,15.28,15.13,15.06,14.98
19-06-2024,15.70,16.24,16.56,16.72,16.64,16.29,15.78,15.51,15.31,15.17,15.10,15.03
20-06-2024,15.60,16.15,16.50,16.70,16.79,16.51,15.98,15.68,15.45,15.27,15.18,15.08
21-06-2024,15.54,16.01,16.34,16.56,16.78,16.56,16.00,15.61,15.29,15.03,14.90,14.76
24-06-2024,15.48,15.99,16.34,16.56,16.77,16.52,15.93,15.55,15.22,14.93,14.77,14.64
25-06-2024,15.52,16.01,16.34,16.55,16.70,16.42,15.83,15.45,15.13,14.88,14.75,14.61
26-06-2024,15.28,15.76,16.08,16.28,16.40,16.13,15.58,15.25,14.99,14.74,14.61,14.49
27-06-2024,15.59,16.06,16.36,16.53,16.54,16.21,15.62,15.28,15.01,14.80,14.68,14.55
28-06-2024,15.89,16.37,16.64,16.76,16.61,16.21,15.63,15.33,15.11,14.93,14.83,14.73
01-07-2024,15.79,16.33,16.59,16.68,16.42,16.03,15.55,15.31,15.14,15.01,14.94,14.88
02-07-2024,15.86,16.37,16.63,16.72,16.47,16.06,15.56,15.31,15.14,15.02,14.96,14.89
03-07-2024,15.55,16.05,16.34,16.48,16.41,16.08,15.58,15.32,15.12,14.95,14.86,14.79
04-07-2024,15.53,16.05,16.36,16.53,16.53,16.22,15.71,15.43,15.22,15.10,15.03,14.94
05-07-2024,15.70,16.41,16.79,16.95,16.74,16.31,15.77,15.51,15.32,15.18,15.12,15.05
08-07-2024,15.49,16.21,16.62,16.82,16.76,16.37,15.83,15.55,15.35,15.19,15.11,15.02
09-07-2024,15.55,16.23,16.64,16.86,16.87,16.49,15.91,15.61,15.38,15.20,15.10,14.99
10-07-2024,15.33,16.04,16.48,16.74,16.84,16.52,15.98,15.69,15.46,15.26,15.16,15.06
11-07-2024,15.68,16.42,16.82,17.02,16.90,16.48,15.92,15.64,15.44,15.30,15.24,15.17
12-07-2024,15.95,16.65,17.03,17.20,17.04,16.61,16.03,15.74,15.52,15.37,15.29,15.21
15-07-2024,15.42,16.19,16.68,16.99,17.20,16.90,16.31,15.98,15.72,15.51,15.40,15.28
16-07-2024,15.37,16.07,16.56,16.90,17.33,17.16,16.59,16.19,15.84,15.55,15.40,15.26
17-07-2024,14.83,15.71,16.31,16.71,17.19,17.02,16.54,16.24,16.02,15.83,15.72,15.61
18-07-2024,15.13,15.88,16.39,16.73,17.15,16.95,16.36,15.97,15.67,15.42,15.29,15.13
19-07-2024,15.22,15.69,16.04,16.30,16.76,16.73,16.32,15.97,15.67,15.42,15.27,15.10
22-07-2024,15.22,15.77,16.16,16.43,16.81,16.68,16.17,15.80,15.50,15.24,15.12,15.00
23-07-2024,15.52,16.12,16.53,16.80,17.08,16.86,16.31,15.94,15.64,15.41,15.30,15.18
24-07-2024,15.88,16.41,16.75,16.96,17.07,16.77,16.18,15.82,15.53,15.28,15.16,15.05
25-07-2024,16.08,16.49,16.75,16.90,16.90,16.61,16.07,15.76,15.50,15.30,15.20,15.10
26-07-2024,16.61,16.89,17.08,17.20,17.28,17.07,16.57,16.22,15.92,15.66,15.51,15.37
29-07-2024,16.19,16.51,16.75,16.92,17.17,17.09,16.71,16.40,16.11,15.83,15.68,15.57
30-07-2024,15.82,16.26,16.59,16.81,17.09,16.95,16.48,16.14,15.86,15.60,15.47,15.32
31-07-2024,16.28,16.80,17.09,17.23,17.09,16.70,16.15,15.87,15.68,15.53,15.44,15.35
01-08-2024,16.11,16.53,16.80,16.96,17.02,16.71,16.10,15.72,15.42,15.18,15.04,14.89
02-08-2024,16.16,16.52,16.77,16.93,17.06,16.82,16.22,15.79,15.45,15.16,14.99,14.81
05-08-2024,16.14,16.58,16.87,17.03,17.05,16.74,16.18,15.83,15.55,15.32,15.20,15.09
06-08-2024,16.16,16.48,16.71,16.87,17.03,16.82,16.23,15.78,15.38,15.02,14.84,14.65
07-08-2024,16.47,16.72,16.89,16.99,17.01,16.73,16.06,15.56,15.10,14.72,14.52,14.31
08-08-2024,16.40,16.59,16.72,16.81,16.82,16.57,15.92,15.39,14.89,14.42,14.16,13.91
09-08-2024,16.62,16.76,16.85,16.90,16.83,16.54,15.85,15.31,14.78,14.28,14.02,13.77
12-08-2024,16.60,16.74,16.83,16.87,16.79,16.49,15.83,15.33,14.87,14.45,14.23,14.02
13-08-2024,16.72,16.84,16.91,16.95,16.82,16.50,15.83,15.33,14.86,14.42,14.18,13.96
14-08-2024,16.65,16.86,16.96,16.97,16.66,16.21,15.54,15.21,14.99,14.79,14.66,14.52
15-08-2024,16.98,17.23,17.32,17.31,16.91,16.46,15.87,15.58,15.37,15.24,15.17,15.07
16-08-2024,16.92,17.10,17.20,17.25,17.12,16.80,16.15,15.72,15.36,15.05,14.88,14.69
19-08-2024,16.81,17.02,17.15,17.22,17.14,16.83,16.20,15.77,15.39,15.07,14.90,14.72
20-08-2024,16.63,16.97,17.19,17.32,17.27,16.91,16.22,15.79,15.43,15.15,15.00,14.84
21-08-2024,16.94,17.23,17.39,17.46,17.26,16.84,16.16,15.77,15.45,15.19,15.06,14.91
22-08-2024,17.06,17.32,17.47,17.55,17.40,17.00,16.25,15.77,15.37,15.04,14.87,14.68
23-08-2024,16.39,17.41,17.90,18.08,17.65,17.02,16.29,15.95,15.67,15.44,15.33,15.25
26-08-2024,17.12,17.96,18.35,18.47,17.93,17.24,16.41,16.01,15.68,15.45,15.34,15.21
27-08-2024,17.24,17.90,18.17,18.21,17.63,17.03,16.36,16.03,15.75,15.51,15.40,15.32
28-08-2024,17.27,17.88,18.17,18.24,17.77,17.17,16.45,16.09,15.82,15.60,15.49,15.41
29-08-2024,17.06,17.70,18.05,18.18,17.85,17.27,16.49,16.10,15.79,15.54,15.41,15.28
30-08-2024,17.40,17.92,18.22,18.35,18.11,17.55,16.68,16.18,15.78,15.50,15.37,15.22
02-09-2024,17.51,18.05,18.34,18.45,18.13,17.54,16.69,16.23,15.88,15.64,15.53,15.41
03-09-2024,17.59,18.13,18.43,18.55,18.25,17.64,16.74,16.26,15.88,15.63,15.50,15.35
04-09-2024,17.61,18.07,18.32,18.41,18.05,17.44,16.53,16.03,15.61,15.25,15.07,14.90
05-09-2024,17.51,17.99,18.25,18.36,18.02,17.38,16.38,15.80,15.33,14.93,14.72,14.50
06-09-2024,17.28,17.74,18.04,18.20,18.10,17.55,16.43,15.70,15.08,14.55,14.27,13.97
09-09-2024,17.28,17.62,17.84,17.97,17.93,17.48,16.49,15.76,15.10,14.51,14.18,13.85
10-09-2024,17.54,17.84,18.04,18.14,18.00,17.51,16.54,15.87,15.29,14.80,14.54,14.26
11-09-2024,17.39,17.71,17.91,18.00,17.83,17.33,16.40,15.78,15.26,14.82,14.60,14.38
12-09-2024,17.56,17.95,18.19,18.32,18.20,17.70,16.71,16.07,15.52,15.08,14.86,14.62
13-09-2024,18.40,18.56,18.64,18.66,18.38,17.86,16.85,16.13,15.48,14.97,14.73,14.49
16-09-2024,18.36,18.49,18.56,18.58,18.35,17.90,16.95,16.23,15.55,14.98,14.68,14.37
17-09-2024,18.62,18.74,18.80,18.80,18.51,18.01,17.03,16.30,15.63,15.06,14.77,14.47
18-09-2024,18.69,18.80,18.86,18.87,18.62,18.16,17.19,16.46,15.75,15.15,14.84,14.54
19-09-2024,18.51,18.62,18.69,18.71,18.54,18.15,17.27,16.54,15.81,15.16,14.81,14.47
20-09-2024,18.43,18.54,18.60,18.62,18.49,18.14,17.30,16.58,15.80,15.06,14.66,14.25
23-09-2024,18.51,18.61,18.66,18.68,18.53,18.16,17.29,16.56,15.78,15.02,14.62,14.22
24-09-2024,18.64,18.72,18.76,18.76,18.56,18.16,17.25,16.48,15.68,14.94,14.55,14.12
25-09-2024,18.63,18.71,18.75,18.76,18.55,18.13,17.21,16.45,15.68,14.95,14.56,14.15
26-09-2024,18.88,18.94,18.97,18.96,18.68,18.21,17.24,16.48,15.73,15.03,14.66,14.28
27-09-2024,19.03,19.08,19.09,19.07,18.79,18.34,17.37,16.58,15.78,15.04,14.64,14.23
30-09-2024,19.49,19.50,19.48,19.43,19.05,18.52,17.47,16.65,15.85,15.10,14.68,14.24
01-10-2024,19.64,19.66,19.63,19.58,19.14,18.57,17.49,16.67,15.87,15.18,14.83,14.48
02-10-2024,19.50,19.52,19.51,19.47,19.12,18.62,17.60,16.80,16.02,15.32,14.93,14.52
03-10-2024,19.76,19.77,19.76,19.71,19.33,18.81,17.78,16.98,16.18,15.45,15.07,14.68
04-10-2024,19.75,19.82,19.84,19.82,19.47,18.92,17.80,16.94,16.13,15.44,15.09,14.74
07-10-2024,19.73,19.83,19.89,19.89,19.63,19.13,18.02,17.15,16.31,15.58,15.20,14.80
08-10-2024,19.34,19.48,19.57,19.61,19.48,19.07,18.08,17.24,16.37,15.55,15.12,14.69
09-10-2024,19.44,19.58,19.66,19.70,19.55,19.13,18.12,17.27,16.39,15.56,15.12,14.69
10-10-2024,19.31,19.44,19.52,19.56,19.44,19.05,18.08,17.22,16.30,15.44,15.00,14.58
11-10-2024,19.17,19.31,19.40,19.44,19.34,18.96,18.00,17.14,16.23,15.35,14.90,14.46
14-10-2024,19.16,19.31,19.41,19.47,19.38,19.00,18.01,17.14,16.20,15.30,14.81,14.32
15-10-2024,19.14,19.31,19.42,19.48,19.41,19.04,18.05,17.17,16.24,15.39,14.94,14.47
16-10-2024,18.96,19.14,19.28,19.36,19.36,19.02,18.02,17.14,16.24,15.41,14.98,14.55
17-10-2024,18.89,19.10,19.24,19.34,19.37,19.04,18.08,17.21,16.30,15.48,15.06,14.64
18-10-2024,19.04,19.24,19.39,19.48,19.47,19.09,18.05,17.14,16.25,15.47,15.07,14.66
21-10-2024,19.26,19.46,19.59,19.67,19.61,19.20,18.10,17.15,16.20,15.37,14.93,14.48
22-10-2024,19.74,19.94,20.06,20.13,19.97,19.45,18.18,17.12,16.11,15.28,14.88,14.46
23-10-2024,19.57,19.81,19.97,20.05,19.95,19.44,18.15,17.06,16.03,15.19,14.79,14.36
24-10-2024,19.70,19.98,20.16,20.27,20.17,19.66,18.34,17.24,16.17,15.28,14.83,14.37
25-10-2024,20.53,20.77,20.92,20.98,20.75,20.14,18.71,17.55,16.42,15.46,14.99,14.50
28-10-2024,20.57,20.80,20.95,21.02,20.88,20.37,19.04,17.89,16.71,15.71,15.20,14.67
29-10-2024,20.53,20.75,20.90,20.98,20.84,20.31,19.01,17.90,16.77,15.76,15.23,14.68
30-10-2024,20.54,20.73,20.84,20.90,20.72,20.19,18.91,17.81,16.68,15.68,15.15,14.59
31-10-2024,21.72,21.81,21.85,21.83,21.39,20.71,19.26,18.08,16.89,15.83,15.28,14.70
01-11-2024,21.68,21.75,21.77,21.74,21.30,20.62,19.20,18.04,16.84,15.76,15.20,14.62
02-11-2024,21.65,21.71,21.71,21.67,21.25,20.59,19.20,18.04,16.82,15.74,15.18,14.60
05-11-2024,21.76,21.80,21.79,21.74,21.25,20.57,19.14,17.98,16.76,15.62,15.02,14.41
06-11-2024,22.09,22.08,22.02,21.93,21.29,20.47,18.91,17.71,16.53,15.45,14.86,14.25
07-11-2024,21.90,21.87,21.79,21.67,20.95,20.06,18.41,17.18,16.00,14.96,14.42,13.86
08-11-2024,21.90,21.85,21.76,21.62,20.88,20.00,18.38,17.14,15.91,14.83,14.28,13.73
11-11-2024,21.46,21.44,21.37,21.28,20.67,19.90,18.40,17.19,15.95,14.84,14.27,13.69
12-11-2024,21.42,21.42,21.37,21.27,20.60,19.76,18.19,17.00,15.85,14.86,14.37,13.88
13-11-2024,21.48,21.45,21.38,21.27,20.57,19.72,18.12,16.91,15.71,14.69,14.17,13.66
14-11-2024,21.61,21.57,21.49,21.36,20.63,19.74,18.09,16.88,15.72,14.74,14.23,13.69
15-11-2024,21.73,21.68,21.57,21.43,20.64,19.72,18.09,16.90,15.76,14.79,14.30,13.82
18-11-2024,21.37,21.34,21.26,21.15,20.48,19.67,18.15,17.02,15.93,14.98,14.47,13.96
19-11-2024,21.67,21.64,21.57,21.47,20.86,20.10,18.63,17.47,16.29,15.17,14.58,14.00
20-11-2024,21.51,21.49,21.42,21.32,20.70,19.90,18.40,17.27,16.18,15.21,14.71,14.21
21-11-2024,21.87,21.84,21.76,21.63,20.89,20.00,18.42,17.30,16.30,15.45,15.01,14.53
22-11-2024,21.93,21.87,21.77,21.62,20.83,19.91,18.33,17.23,16.23,15.39,14.96,14.51
25-11-2024,22.18,22.10,21.97,21.81,20.98,20.07,18.47,17.34,16.27,15.37,14.91,14.46
26-11-2024,22.38,22.27,22.12,21.94,21.04,20.08,18.46,17.36,16.36,15.51,15.09,14.67
27-11-2024,22.89,22.73,22.52,22.28,21.18,20.09,18.40,17.30,16.33,15.56,15.17,14.79
28-11-2024,22.91,22.74,22.54,22.31,21.27,20.22,18.50,17.33,16.29,15.42,14.97,14.52
29-11-2024,23.22,23.01,22.78,22.53,21.44,20.37,18.61,17.38,16.24,15.27,14.78,14.29
02-12-2024,23.49,23.24,22.96,22.68,21.46,20.31,18.48,17.26,16.17,15.27,14.80,14.31
03-12-2024,23.36,23.12,22.86,22.59,21.43,20.31,18.47,17.20,16.05,15.12,14.64,14.10
04-12-2024,23.27,23.04,22.80,22.54,21.44,20.35,18.54,17.26,16.06,15.05,14.53,13.97
05-12-2024,23.62,23.36,23.07,22.78,21.55,20.40,18.54,17.27,16.09,15.11,14.60,14.06
06-12-2024,23.58,23.30,23.00,22.69,21.40,20.20,18.34,17.13,16.07,15.25,14.83,14.35
09-12-2024,23.06,22.85,22.62,22.37,21.31,20.27,18.54,17.35,16.29,15.44,15.01,14.53
10-12-2024,22.67,22.52,22.33,22.12,21.17,20.20,18.56,17.41,16.35,15.50,15.08,14.64
11-12-2024,22.85,22.65,22.42,22.17,21.07,20.00,18.26,17.08,16.04,15.20,14.77,14.30
12-12-2024,23.15,22.95,22.73,22.47,21.36,20.28,18.57,17.46,16.51,15.79,15.43,15.01
13-12-2024,22.88,22.69,22.46,22.21,21.12,20.08,18.44,17.36,16.41,15.66,15.29,14.89
16-12-2024,22.97,22.78,22.56,22.33,21.34,20.35,18.71,17.55,16.41,15.35,14.77,14.17
17-12-2024,23.02,22.84,22.64,22.43,21.48,20.53,18.87,17.64,16.40,15.21,14.60,14.05
18-12-2024,22.67,22.55,22.38,22.20,21.32,20.39,18.72,17.47,16.21,15.00,14.35,13.73
19-12-2024,22.41,22.35,22.24,22.10,21.35,20.49,18.86,17.58,16.23,14.94,14.24,13.56
20-12-2024,20.28,20.25,20.19,20.09,19.49,18.77,17.45,16.45,15.42,14.43,13.90,13.37
23-12-2024,18.61,18.58,18.52,18.43,17.96,17.40,16.39,15.62,14.83,14.07,13.65,13.23
24-12-2024,18.29,18.35,18.37,18.35,18.05,17.57,16.57,15.78,14.98,14.24,13.84,13.43
25-12-2024,18.33,18.33,18.30,18.24,17.88,17.44,16.58,15.91,15.21,14.52,14.15,13.80
26-12-2024,17.97,17.99,17.98,17.96,17.70,17.33,16.57,15.95,15.28,14.62,14.26,13.94
27-12-2024,17.49,17.59,17.64,17.67,17.56,17.29,16.65,16.08,15.43,14.75,14.36,13.99
28-12-2024,18.55,18.58,18.57,18.53,18.15,17.67,16.83,16.21,15.57,14.92,14.55,14.20
30-12-2024,18.80,18.75,18.68,18.58,18.06,17.48,16.53,15.87,15.22,14.57,14.22,13.90
03-01-2025,18.70,18.62,18.52,18.41,17.92,17.41,16.57,15.96,15.38,14.86,14.57,14.28
06-01-2025,19.10,18.96,18.82,18.66,18.03,17.43,16.48,15.81,15.18,14.63,14.34,14.05
08-01-2025,19.43,19.26,19.07,18.87,18.11,17.42,16.37,15.68,15.07,14.60,14.37,14.10
09-01-2025,18.77,18.68,18.57,18.46,17.97,17.48,16.72,16.19,15.64,15.08,14.77,14.49
10-01-2025,19.06,18.93,18.79,18.64,18.05,17.52,16.73,16.21,15.70,15.20,14.92,14.67
13-01-2025,19.03,18.86,18.70,18.54,17.93,17.41,16.67,16.18,15.70,15.21,14.94,14.70
14-01-2025,19.07,18.91,18.74,18.58,17.98,17.46,16.71,16.22,15.76,15.28,15.01,14.77
15-01-2025,19.32,19.16,19.00,18.84,18.24,17.73,16.93,16.39,15.86,15.34,15.07,14.83
16-01-2025,19.39,19.23,19.06,18.89,18.25,17.71,16.90,16.35,15.80,15.25,14.95,14.69
17-01-2025,19.45,19.29,19.13,18.97,18.35,17.81,17.00,16.45,15.88,15.30,15.00,14.74
20-01-2025,19.24,19.08,18.92,18.75,18.14,17.60,16.83,16.31,15.78,15.24,14.94,14.67
21-01-2025,19.32,19.16,19.00,18.84,18.23,17.70,16.94,16.44,15.94,15.42,15.13,14.87
22-01-2025,20.00,19.74,19.49,19.25,18.40,17.77,16.93,16.40,15.89,15.40,15.14,14.93
23-01-2025,19.45,19.27,19.09,18.92,18.28,17.75,16.99,16.48,15.96,15.45,15.17,14.94
24-01-2025,19.44,19.25,19.06,18.88,18.24,17.72,16.99,16.52,16.04,15.57,15.32,15.11
27-01-2025,20.19,19.71,19.30,18.94,17.94,17.36,16.80,16.56,16.38,16.20,16.09,16.00
28-01-2025,20.40,19.79,19.29,18.88,17.83,17.29,16.81,16.61,16.45,16.29,16.19,16.12
29-01-2025,19.34,19.07,18.83,18.60,17.91,17.46,16.92,16.63,16.37,16.11,15.96,15.83
30-01-2025,18.79,18.62,18.47,18.32,17.84,17.48,17.01,16.73,16.48,16.20,16.05,15.92
31-01-2025,18.68,18.54,18.42,18.29,17.86,17.53,17.08,16.81,16.53,16.24,16.08,15.95
03-02-2025,18.96,18.84,18.72,18.60,18.17,17.82,17.32,16.96,16.60,16.22,16.00,15.80
04-02-2025,19.23,19.10,18.97,18.85,18.38,18.00,17.41,17.00,16.60,16.18,15.95,15.75
05-02-2025,19.51,19.33,19.14,18.95,18.27,17.80,17.27,16.96,16.63,16.23,15.99,15.78
06-02-2025,19.74,19.51,19.29,19.08,18.38,17.86,17.17,16.75,16.36,15.98,15.77,15.58
07-02-2025,19.71,19.48,19.26,19.05,18.35,17.83,17.12,16.68,16.27,15.86,15.63,15.42
10-02-2025,19.77,19.53,19.30,19.08,18.35,17.84,17.16,16.72,16.28,15.85,15.62,15.42
11-02-2025,19.78,19.56,19.35,19.15,18.48,17.98,17.28,16.81,16.34,15.87,15.63,15.41
12-02-2025,19.82,19.59,19.36,19.14,18.41,17.91,17.20,16.75,16.30,15.85,15.60,15.37
13-02-2025,20.25,19.67,19.17,18.74,17.52,16.80,16.07,15.69,15.35,15.02,14.85,14.74
14-02-2025,19.85,19.51,19.20,18.91,18.01,17.41,16.69,16.29,15.93,15.57,15.37,15.19
17-02-2025,20.00,19.64,19.32,19.02,18.08,17.41,16.62,16.19,15.80,15.46,15.28,15.11
18-02-2025,19.77,19.42,19.10,18.82,17.91,17.28,16.53,16.13,15.79,15.49,15.33,15.20
19-02-2025,19.78,19.44,19.14,18.86,17.96,17.33,16.57,16.15,15.80,15.46,15.28,15.13
20-02-2025,19.74,19.39,19.07,18.77,17.85,17.21,16.45,16.04,15.69,15.36,15.19,15.03
21-02-2025,19.71,19.39,19.10,18.83,17.94,17.30,16.50,16.05,15.67,15.32,15.14,14.99
24-02-2025,19.75,19.44,19.15,18.88,18.00,17.36,16.54,16.07,15.63,15.23,15.03,14.85
25-02-2025,19.77,19.45,19.14,18.87,17.95,17.29,16.48,16.03,15.63,15.24,15.04,14.87
26-02-2025,19.84,19.47,19.13,18.82,17.82,17.13,16.32,15.89,15.50,15.15,14.97,14.82
27-02-2025,19.75,19.40,19.07,18.77,17.78,17.13,16.34,15.91,15.52,15.15,14.97,14.83
28-02-2025,19.94,19.57,19.24,18.93,17.94,17.25,16.41,15.94,15.52,15.13,14.93,14.76
03-03-2025,19.82,19.41,19.04,18.71,17.69,17.05,16.31,15.91,15.55,15.21,15.03,14.88
04-03-2025,19.56,19.13,18.75,18.42,17.41,16.79,16.10,15.76,15.46,15.17,15.02,14.91
05-03-2025,20.65,19.58,18.76,18.12,16.66,16.06,15.62,15.44,15.29,15.11,15.02,14.97
06-03-2025,20.81,19.57,18.61,17.88,16.24,15.64,15.30,15.19,15.10,14.98,14.93,14.90
07-03-2025,21.30,19.75,18.62,17.79,16.11,15.55,15.22,15.12,15.04,14.94,14.87,14.83
10-03-2025,21.05,19.70,18.65,17.82,15.96,15.27,14.91,14.86,14.84,14.81,14.80,14.81
11-03-2025,21.15,19.80,18.77,17.97,16.22,15.57,15.18,15.07,14.97,14.88,14.83,14.81
12-03-2025,21.13,19.80,18.77,17.97,16.20,15.51,15.07,14.92,14.81,14.70,14.64,14.60
13-03-2025,21.53,20.01,18.88,18.03,16.24,15.60,15.18,15.03,14.91,14.79,14.72,14.67
14-03-2025,21.35,19.82,18.66,17.77,15.88,15.24,14.92,14.85,14.78,14.72,14.68,14.65
17-03-2025,21.26,19.67,18.48,17.58,15.69,15.07,14.75,14.67,14.61,14.54,14.51,14.48
18-03-2025,21.61,19.68,18.29,17.28,15.34,14.80,14.61,14.58,14.53,14.49,14.48,14.47
19-03-2025,21.68,19.80,18.43,17.44,15.52,14.94,14.68,14.60,14.52,14.45,14.42,14.42
20-03-2025,21.16,19.26,17.96,17.07,15.49,15.04,14.77,14.67,14.57,14.47,14.42,14.40
21-03-2025,21.01,19.38,18.22,17.40,15.80,15.27,14.93,14.78,14.65,14.51,14.46,14.43
24-03-2025,20.88,19.44,18.40,17.63,16.09,15.56,15.20,15.02,14.86,14.72,14.66,14.63
25-03-2025,21.07,19.65,18.60,17.83,16.25,15.68,15.26,15.06,14.87,14.71,14.65,14.62
26-03-2025,21.09,19.61,18.57,17.82,16.35,15.82,15.39,15.19,15.01,14.87,14.82,14.79
27-03-2025,21.25,19.74,18.67,17.91,16.41,15.89,15.51,15.31,15.10,14.91,14.83,14.81
28-03-2025,21.47,19.92,18.83,18.07,16.56,16.00,15.55,15.36,15.20,15.08,15.03,14.98
31-03-2025,21.52,20.04,18.98,18.20,16.66,16.11,15.72,15.53,15.33,15.14,15.07,15.05
01-04-2025,21.50,20.17,19.15,18.37,16.62,15.97,15.54,15.38,15.22,15.09,15.03,14.99
02-04-2025,21.59,20.17,19.11,18.31,16.63,16.06,15.67,15.48,15.32,15.18,15.13,15.09
03-04-2025,21.66,20.22,19.17,18.39,16.84,16.36,16.01,15.78,15.56,15.40,15.34,15.33
04-04-2025,21.57,20.28,19.30,18.57,17.04,16.54,16.18,15.96,15.76,15.60,15.55,15.53
07-04-2025,21.27,20.22,19.40,18.74,17.24,16.70,16.36,16.20,16.04,15.90,15.84,15.81
08-04-2025,21.47,20.04,19.03,18.30,16.90,16.47,16.16,15.98,15.79,15.63,15.58,15.57
09-04-2025,21.25,20.12,19.29,18.67,17.38,16.91,16.54,16.34,16.13,15.95,15.88,15.87
10-04-2025,21.18,20.07,19.24,18.61,17.25,16.72,16.26,16.02,15.78,15.59,15.53,15.50
11-04-2025,21.18,19.99,19.10,18.44,17.03,16.45,15.96,15.73,15.52,15.35,15.27,15.21
14-04-2025,21.00,19.95,19.14,18.51,17.06,16.42,15.89,15.65,15.45,15.26,15.16,15.10
15-04-2025,21.13,19.93,19.05,18.40,17.02,16.47,16.02,15.83,15.66,15.49,15.41,15.37
16-04-2025,21.27,19.92,18.96,18.27,16.86,16.32,15.89,15.70,15.53,15.38,15.30,15.26
17-04-2025,21.15,19.66,18.66,17.98,16.75,16.28,15.87,15.68,15.54,15.44,15.40,15.39
18-04-2025,20.78,19.77,19.01,18.41,17.07,16.48,16.00,15.79,15.62,15.46,15.38,15.33
21-04-2025,20.88,19.83,19.03,18.41,17.02,16.42,15.92,15.70,15.50,15.32,15.23,15.17
22-04-2025,21.04,19.78,18.87,18.21,16.84,16.30,15.88,15.69,15.53,15.37,15.30,15.26
23-04-2025,21.15,19.76,18.81,18.14,16.86,16.35,15.93,15.74,15.59,15.49,15.45,15.42
24-04-2025,20.88,19.77,18.94,18.32,16.98,16.38,15.86,15.62,15.44,15.28,15.21,15.17
25-04-2025,20.83,19.70,18.86,18.24,16.87,16.28,15.77,15.54,15.39,15.27,15.21,15.17
28-04-2025,20.74,19.44,18.56,17.95,16.79,16.31,15.87,15.67,15.55,15.46,15.42,15.40
29-04-2025,20.96,19.78,18.94,18.34,17.10,16.57,16.10,15.88,15.73,15.62,15.57,15.54
30-04-2025,20.33,19.40,18.71,18.19,17.06,16.53,16.04,15.81,15.63,15.49,15.43,15.41
02-05-2025,20.67,19.53,18.76,18.23,17.28,16.86,16.35,16.03,15.79,15.65,15.64,15.66
05-05-2025,20.88,19.90,19.18,18.64,17.52,16.97,16.41,16.12,15.89,15.73,15.68,15.66
06-05-2025,20.88,19.70,18.89,18.34,17.33,16.90,16.43,16.16,15.96,15.84,15.82,15.83
07-05-2025,20.54,19.64,18.95,18.41,17.19,16.62,16.14,15.92,15.75,15.61,15.54,15.49
08-05-2025,20.29,19.04,18.23,17.70,16.81,16.41,16.02,15.83,15.72,15.66,15.64,15.64
12-05-2025,20.54,19.42,18.63,18.06,16.92,16.44,16.02,15.84,15.71,15.62,15.58,15.57
13-05-2025,20.53,19.35,18.56,18.02,17.02,16.59,16.19,15.99,15.84,15.75,15.72,15.72
14-05-2025,20.76,19.60,18.77,18.17,16.92,16.42,16.02,15.86,15.74,15.62,15.55,15.51
15-05-2025,20.71,19.56,18.75,18.17,17.01,16.54,16.13,15.95,15.83,15.74,15.71,15.69
16-05-2025,20.38,19.32,18.56,18.02,16.93,16.47,16.08,15.90,15.79,15.70,15.67,15.65
19-05-2025,20.05,18.99,18.27,17.77,16.82,16.38,15.98,15.80,15.69,15.62,15.60,15.60
20-05-2025,20.34,19.36,18.62,18.07,16.86,16.37,16.01,15.87,15.77,15.64,15.57,15.53
21-05-2025,20.49,19.62,18.94,18.39,17.05,16.42,15.97,15.84,15.76,15.63,15.55,15.49
22-05-2025,20.46,19.45,18.68,18.08,16.73,16.20,15.89,15.83,15.80,15.72,15.67,15.65
23-05-2025,20.54,19.66,18.95,18.36,16.86,16.18,15.78,15.75,15.77,15.75,15.73,15.73
26-05-2025,20.40,19.35,18.58,18.01,16.82,16.35,16.05,15.97,15.92,15.86,15.84,15.83
27-05-2025,20.19,19.21,18.48,17.94,16.79,16.36,16.08,15.99,15.93,15.83,15.78,15.77
28-05-2025,19.82,18.40,17.52,16.99,16.26,16.06,15.92,15.87,15.85,15.82,15.80,15.78
29-05-2025,20.07,19.02,18.24,17.65,16.43,16.00,15.77,15.73,15.71,15.64,15.59,15.56
30-05-2025,20.04,18.84,18.01,17.42,16.27,15.85,15.58,15.53,15.51,15.46,15.41,15.37
02-06-2025,20.09,18.84,17.96,17.33,16.13,15.73,15.51,15.45,15.41,15.33,15.30,15.30
03-06-2025,20.05,18.64,17.68,17.01,15.81,15.47,15.34,15.32,15.30,15.23,15.19,15.17
04-06-2025,19.98,18.67,17.74,17.06,15.76,15.37,15.20,15.17,15.15,15.07,15.01,15.02
05-06-2025,19.59,18.19,17.28,16.68,15.67,15.39,15.23,15.17,15.09,14.99,14.94,14.94
06-06-2025,19.28,18.11,17.35,16.84,15.96,15.65,15.43,15.35,15.30,15.22,15.18,15.18
09-06-2025,19.46,18.38,17.62,17.08,16.03,15.64,15.35,15.25,15.16,15.06,15.01,14.99
10-06-2025,19.75,18.52,17.63,16.99,15.73,15.33,15.15,15.12,15.10,15.04,15.00,14.99
11-06-2025,19.10,18.27,17.61,17.09,15.84,15.32,15.04,15.02,15.04,15.02,14.99,14.99
13-06-2025,19.52,17.99,17.03,16.41,15.47,15.23,15.07,15.01,14.98,14.93,14.91,14.92
16-06-2025,18.49,17.87,17.36,16.95,15.95,15.50,15.21,15.14,15.10,15.04,15.01,15.00
17-06-2025,19.21,18.34,17.66,17.14,15.99,15.54,15.26,15.18,15.11,15.02,14.97,14.95
18-06-2025,18.85,18.04,17.40,16.89,15.71,15.26,15.05,15.07,15.12,15.12,15.09,15.06
19-06-2025,18.79,17.95,17.30,16.78,15.60,15.16,14.95,14.94,14.97,14.95,14.93,14.92
20-06-2025,19.10,18.13,17.38,16.80,15.54,15.09,14.92,14.94,14.98,14.97,14.95,14.94
23-06-2025,17.83,17.24,16.76,16.38,15.48,15.12,14.98,15.02,15.09,15.12,15.12,15.14
24-06-2025,17.54,17.01,16.58,16.23,15.44,15.14,15.01,15.04,15.08,15.09,15.08,15.09
25-06-2025,17.56,16.94,16.45,16.07,15.20,14.89,14.82,14.89,14.97,15.00,15.01,15.03
26-06-2025,17.75,16.84,16.19,15.73,14.90,14.73,14.78,14.87,14.94,14.97,14.97,14.99
27-06-2025,17.39,16.60,16.01,15.58,14.73,14.53,14.60,14.73,14.85,14.91,14.93,14.96
30-06-2025,17.30,16.45,15.84,15.40,14.62,14.46,14.52,14.60,14.67,14.70,14.71,14.72
01-07-2025,17.24,16.40,15.81,15.38,14.62,14.47,14.53,14.62,14.70,14.71,14.70,14.70
02-07-2025,16.54,15.99,15.57,15.26,14.63,14.43,14.44,14.54,14.63,14.66,14.67,14.69
03-07-2025,16.44,15.88,15.46,15.16,14.56,14.42,14.48,14.58,14.66,14.69,14.69,14.71
04-07-2025,16.52,15.99,15.59,15.28,14.65,14.47,14.49,14.58,14.66,14.67,14.66,14.67
07-07-2025,16.26,15.73,15.35,15.08,14.58,14.48,14.55,14.63,14.70,14.71,14.71,14.72
08-07-2025,16.21,15.72,15.36,15.10,14.59,14.48,14.53,14.62,14.69,14.71,14.71,14.72
09-07-2025,16.25,15.69,15.34,15.11,14.77,14.71,14.72,14.76,14.78,14.74,14.72,14.72
10-07-2025,15.98,15.44,15.10,14.89,14.60,14.58,14.62,14.67,14.69,14.66,14.64,14.65
11-07-2025,16.13,15.62,15.27,15.03,14.65,14.59,14.63,14.68,14.71,14.69,14.68,14.69
14-07-2025,15.88,15.37,15.05,14.85,14.59,14.56,14.58,14.61,14.64,14.62,14.59,14.58
15-07-2025,15.73,15.21,14.89,14.68,14.38,14.33,14.34,14.36,14.37,14.34,14.31,14.30
16-07-2025,14.73,14.41,14.23,14.14,14.08,14.13,14.21,14.26,14.30,14.29,14.27,14.27
17-07-2025,14.27,14.10,14.02,13.99,14.02,14.09,14.18,14.22,14.26,14.24,14.23,14.24
18-07-2025,14.04,13.91,13.84,13.82,13.86,13.95,14.08,14.16,14.21,14.21,14.20,14.23
21-07-2025,14.21,13.95,13.82,13.77,13.83,13.94,14.08,14.15,14.17,14.15,14.14,14.14
22-07-2025,14.94,14.39,14.09,13.93,13.86,13.97,14.11,14.18,14.23,14.22,14.21,14.23
23-07-2025,15.06,14.44,14.10,13.92,13.83,13.93,14.08,14.15,14.17,14.14,14.13,14.16
24-07-2025,15.15,14.50,14.12,13.91,13.77,13.87,14.04,14.12,14.13,14.07,14.05,14.09
25-07-2025,15.22,14.58,14.22,14.01,13.82,13.87,13.97,14.01,14.02,13.98,13.96,13.97
28-07-2025,14.88,14.33,14.03,13.87,13.77,13.84,13.97,14.04,14.08,14.07,14.06,14.08
29-07-2025,14.94,14.25,13.85,13.62,13.48,13.62,13.86,14.00,14.09,14.10,14.09,14.09
30-07-2025,14.93,14.26,13.89,13.71,13.62,13.73,13.90,13.97,14.00,14.00,14.00,14.02
31-07-2025,14.99,14.27,13.88,13.69,13.60,13.72,13.89,13.99,14.05,14.04,14.02,14.04
01-08-2025,15.03,14.30,13.91,13.71,13.63,13.76,13.94,14.03,14.10,14.10,14.09,14.12
04-08-2025,14.79,13.96,13.52,13.30,13.30,13.56,13.91,14.09,14.19,14.21,14.20,14.21
05-08-2025,14.78,13.92,13.44,13.19,13.16,13.45,13.85,14.04,14.15,14.19,14.21,14.24
06-08-2025,15.26,14.12,13.54,13.26,13.26,13.55,13.91,14.07,14.16,14.19,14.21,14.27
07-08-2025,14.99,13.87,13.29,13.00,12.99,13.29,13.66,13.84,13.98,14.05,14.08,14.13
08-08-2025,15.12,13.94,13.28,12.94,12.80,13.10,13.53,13.76,13.93,14.04,14.08,14.12
11-08-2025,14.98,13.79,13.17,12.87,12.83,13.11,13.48,13.67,13.81,13.87,13.88,13.92
12-08-2025,14.91,13.80,13.20,12.90,12.81,13.08,13.44,13.64,13.78,13.82,13.82,13.85
13-08-2025,15.03,13.97,13.41,13.13,13.04,13.25,13.53,13.67,13.77,13.77,13.77,13.82
14-08-2025,15.10,14.12,13.59,13.31,13.15,13.30,13.51,13.62,13.70,13.70,13.69,13.72
15-08-2025,14.96,13.89,13.31,13.01,12.86,13.04,13.31,13.44,13.53,13.51,13.48,13.51
18-08-2025,15.15,14.17,13.62,13.32,13.09,13.20,13.38,13.46,13.47,13.42,13.41,13.45
19-08-2025,15.30,14.37,13.82,13.50,13.15,13.18,13.29,13.33,13.30,13.21,13.17,13.20
20-08-2025,14.83,14.04,13.60,13.35,13.18,13.29,13.49,13.58,13.59,13.53,13.48,13.48
21-08-2025,14.88,14.16,13.75,13.54,13.38,13.48,13.65,13.72,13.72,13.66,13.63,13.65
22-08-2025,14.64,13.91,13.50,13.29,13.19,13.35,13.59,13.70,13.75,13.72,13.69,13.70
25-08-2025,14.77,13.95,13.51,13.30,13.25,13.43,13.66,13.77,13.81,13.78,13.78,13.82
26-08-2025,15.04,14.18,13.72,13.49,13.39,13.55,13.78,13.88,13.89,13.84,13.82,13.87
27-08-2025,15.06,14.24,13.79,13.56,13.42,13.55,13.74,13.82,13.84,13.81,13.79,13.83
28-08-2025,14.98,14.23,13.81,13.59,13.47,13.60,13.79,13.88,13.90,13.88,13.87,13.90
29-08-2025,15.50,14.75,14.31,14.06,13.78,13.80,13.88,13.91,13.90,13.84,13.82,13.86
01-09-2025,15.27,14.67,14.30,14.08,13.79,13.79,13.84,13.87,13.85,13.80,13.78,13.80
02-09-2025,15.25,14.64,14.28,14.07,13.83,13.83,13.89,13.92,13.91,13.85,13.83,13.84
03-09-2025,15.01,14.33,13.94,13.73,13.54,13.60,13.72,13.79,13.81,13.78,13.75,13.75
04-09-2025,15.28,14.45,13.97,13.70,13.44,13.48,13.57,13.63,13.68,13.67,13.65,13.65
05-09-2025,14.94,14.25,13.86,13.64,13.44,13.48,13.58,13.63,13.67,13.66,13.64,13.64
08-09-2025,14.96,14.19,13.75,13.51,13.31,13.37,13.49,13.57,13.62,13.62,13.60,13.60
09-09-2025,15.03,14.37,13.99,13.77,13.53,13.55,13.62,13.67,13.71,13.69,13.66,13.65
10-09-2025,14.70,14.07,13.71,13.52,13.39,13.49,13.65,13.72,13.74,13.70,13.68,13.70
11-09-2025,15.10,14.39,13.97,13.74,13.53,13.60,13.73,13.80,13.81,13.76,13.72,13.71
12-09-2025,15.50,14.75,14.31,14.06,13.80,13.84,13.94,13.98,13.97,13.92,13.89,13.91
15-09-2025,14.91,14.29,13.96,13.79,13.72,13.83,14.00,14.07,14.09,14.06,14.05,14.08
16-09-2025,15.20,14.60,14.26,14.07,13.90,13.95,14.07,14.12,14.14,14.10,14.07,14.07
17-09-2025,14.84,14.34,14.07,13.92,13.82,13.90,14.01,14.07,14.08,14.05,14.04,14.05
18-09-2025,14.85,14.39,14.14,14.01,13.93,14.00,14.11,14.18,14.23,14.20,14.17,14.18
19-09-2025,14.84,14.46,14.23,14.10,14.03,14.14,14.33,14.43,14.45,14.40,14.37,14.41
22-09-2025,14.73,14.38,14.18,14.08,14.06,14.16,14.32,14.40,14.42,14.39,14.36,14.35
23-09-2025,14.30,14.01,13.88,13.84,13.97,14.13,14.34,14.43,14.48,14.47,14.45,14.46
24-09-2025,14.12,13.90,13.83,13.82,14.03,14.24,14.48,14.58,14.61,14.59,14.58,14.59
25-09-2025,14.29,14.09,14.02,14.01,14.18,14.36,14.56,14.68,14.76,14.76,14.75,14.76
26-09-2025,14.01,13.86,13.81,13.82,14.06,14.30,14.58,14.72,14.80,14.82,14.82,14.84
29-09-2025,14.20,14.05,14.01,14.03,14.29,14.50,14.76,14.88,14.93,14.92,14.92,14.96
30-09-2025,14.47,14.31,14.25,14.25,14.42,14.59,14.80,14.90,14.93,14.92,14.90,14.92
01-10-2025,14.15,14.15,14.19,14.25,14.48,14.65,14.83,14.92,14.95,14.93,14.92,14.93
02-10-2025,14.49,14.49,14.52,14.55,14.70,14.81,14.94,14.99,15.01,14.99,14.98,14.99
03-10-2025,14.63,14.61,14.60,14.60,14.67,14.77,14.90,14.96,14.98,14.94,14.93,14.94
06-10-2025,15.03,14.77,14.64,14.59,14.65,14.77,14.92,14.98,15.00,14.97,14.96,14.99
07-10-2025,15.30,14.97,14.80,14.71,14.71,14.80,14.92,14.97,14.98,14.96,14.94,14.97
08-10-2025,15.41,15.14,14.99,14.93,14.93,15.01,15.12,15.16,15.15,15.11,15.10,15.13
09-10-2025,14.87,14.84,14.83,14.84,14.90,14.95,15.02,15.04,15.02,14.97,14.96,14.99
10-10-2025,14.93,14.95,14.96,14.98,15.02,15.06,15.11,15.12,15.09,15.03,15.02,15.04
13-10-2025,14.88,14.93,14.97,15.00,15.10,15.16,15.19,15.17,15.10,15.00,14.95,14.93
14-10-2025,14.56,14.73,14.88,15.00,15.30,15.42,15.42,15.31,15.13,14.90,14.77,14.64
15-10-2025,14.48,14.67,14.83,14.97,15.31,15.45,15.44,15.31,15.08,14.81,14.66,14.54
16-10-2025,14.16,14.35,14.52,14.65,14.97,15.09,15.09,14.99,14.79,14.52,14.36,14.20
17-10-2025,13.90,14.11,14.28,14.42,14.75,14.88,14.91,14.82,14.63,14.36,14.19,14.03
20-10-2025,12.77,13.35,13.81,14.18,14.98,15.17,15.04,14.83,14.59,14.36,14.24,14.12
21-10-2025,13.15,13.54,13.88,14.16,14.91,15.25,15.34,15.16,14.81,14.40,14.17,13.97
22-10-2025,12.86,13.27,13.62,13.92,14.68,15.05,15.21,15.07,14.79,14.41,14.19,13.97
23-10-2025,12.86,13.27,13.62,13.91,14.71,15.10,15.28,15.17,14.91,14.56,14.36,14.17
24-10-2025,12.64,13.08,13.46,13.79,14.67,15.12,15.35,15.24,14.97,14.62,14.42,14.24
27-10-2025,12.72,13.19,13.59,13.92,14.76,15.20,15.46,15.40,15.15,14.81,14.60,14.40
28-10-2025,12.54,12.99,13.38,13.71,14.60,15.07,15.36,15.29,15.04,14.71,14.52,14.35
29-10-2025,12.48,12.95,13.34,13.65,14.42,14.83,15.11,15.08,14.86,14.52,14.31,14.09
30-10-2025,12.39,12.84,13.22,13.55,14.41,14.83,15.04,14.94,14.68,14.33,14.13,13.94
31-10-2025,12.30,12.76,13.15,13.48,14.38,14.84,15.11,15.02,14.77,14.41,14.20,14.02
